metric,num,timestamp,value
name-fatema-cloud,0,1626706723.664,0.0076691572742347254
name-fatema-cloud,1,1626706724.664,0.006801112565983832
name-fatema-cloud,2,1626706725.664,0.010302767647668111
name-fatema-cloud,3,1626706726.664,0.010216678108366333
name-fatema-cloud,4,1626706727.664,0.011960664362661865
name-fatema-cloud,5,1626706728.664,0.012649481241770271
name-fatema-cloud,6,1626706729.664,0.015212559311447816
name-fatema-cloud,7,1626706730.664,0.013507472036759961
name-fatema-cloud,8,1626706731.664,0.010961025761389877
name-fatema-cloud,9,1626706732.664,0.008406157467913835
name-fatema-cloud,10,1626706733.664,0.00922597253229939
name-fatema-cloud,11,1626706734.664,0.010080328487157857
name-fatema-cloud,12,1626706735.664,0.011793229251076865
name-fatema-cloud,13,1626706736.664,0.011854106307087105
name-fatema-cloud,14,1626706737.664,0.011018204347609934
name-fatema-cloud,15,1626706738.664,0.009360825402015882
name-fatema-cloud,16,1626706739.664,0.01171762566663907
name-fatema-cloud,17,1626706740.664,0.011745874330588471
name-fatema-cloud,18,1626706741.664,0.013416072474213496
name-fatema-cloud,19,1626706742.664,0.011050460860572774
name-fatema-cloud,20,1626706743.664,0.011850285741020003
name-fatema-cloud,21,1626706744.664,0.012718158663384825
name-fatema-cloud,22,1626706745.664,0.011863683300980176
name-fatema-cloud,23,1626706746.664,0.011072491315315227
name-fatema-cloud,24,1626706747.664,0.008508386040445392
name-fatema-cloud,25,1626706748.664,0.009354409729108674
name-fatema-cloud,26,1626706749.664,0.010995436698271974
name-fatema-cloud,27,1626706750.664,0.013585439288274563
name-fatema-cloud,28,1626706751.664,0.01267499112295255
name-fatema-cloud,29,1626706752.664,0.015953794645494082
name-fatema-cloud,30,1626706753.664,0.013372649059167149
name-fatema-device-coap,0,1626706723.664,0.01019252459386999
name-fatema-device-coap,1,1626706724.664,0.02993234184212533
name-fatema-device-coap,2,1626706725.664,0.029928341497550852
name-fatema-device-coap,3,1626706726.664,0.03421446675833155
name-fatema-device-coap,4,1626706727.664,0.016179601958320904
name-fatema-device-coap,5,1626706728.664,0.015276834385818184
name-fatema-device-coap,6,1626706729.664,0.013519808878309138
name-fatema-device-coap,7,1626706730.664,0.01264793010577772
name-fatema-device-coap,8,1626706731.664,0.01260206022794565
name-fatema-device-coap,9,1626706732.664,0.02278835549446437
name-fatema-device-coap,10,1626706733.664,0.023682037860227954
name-fatema-device-coap,11,1626706734.664,0.027116318269327696
name-fatema-device-coap,12,1626706735.664,0.02027160400426295
name-fatema-device-coap,13,1626706736.664,0.019378307535273514
name-fatema-device-coap,14,1626706737.664,0.01772951722668939
name-fatema-device-coap,15,1626706738.664,0.011063883971254334
name-fatema-device-coap,16,1626706739.664,0.01359302344664515
name-fatema-device-coap,17,1626706740.664,0.012760581363282595
name-fatema-device-coap,18,1626706741.664,0.015338716531836546
name-fatema-device-coap,19,1626706742.664,0.014584008427188622
name-fatema-device-coap,20,1626706743.664,0.014522939192124412
name-fatema-device-coap,21,1626706744.664,0.01443120650997295
name-fatema-device-coap,22,1626706745.664,0.01351267844582633
name-fatema-device-coap,23,1626706746.664,0.012613312693887607
name-fatema-device-coap,24,1626706747.664,0.01187788827425266
name-fatema-device-coap,25,1626706748.664,0.012726993588564162
name-fatema-device-coap,26,1626706749.664,0.014451822617012054
name-fatema-device-coap,27,1626706750.664,0.013538191072870224
name-fatema-device-coap,28,1626706751.664,0.013529377067712199
name-fatema-device-coap,29,1626706752.664,0.013495281364508007
name-fatema-device-coap,30,1626706753.664,0.012636219791160721
name-fatema-gateway-coap,0,1626706723.664,0.008491115485934139
name-fatema-gateway-coap,1,1626706724.664,0.009350044916292141
name-fatema-gateway-coap,2,1626706725.664,0.010269720975965754
name-fatema-gateway-coap,3,1626706726.664,0.010972753084731193
name-fatema-gateway-coap,4,1626706727.664,0.011083510661335736
name-fatema-gateway-coap,5,1626706728.664,0.0101430791766767
name-fatema-gateway-coap,6,1626706729.664,0.013224811753743088
name-fatema-gateway-coap,7,1626706730.664,0.014362214519721497
name-fatema-gateway-coap,8,1626706731.664,0.016618526814465465
name-fatema-gateway-coap,9,1626706732.664,0.013695675295322639
name-fatema-gateway-coap,10,1626706733.664,0.011786453250698433
name-fatema-gateway-coap,11,1626706734.664,0.012641363176597574
name-fatema-gateway-coap,12,1626706735.664,0.015169481989428243
name-fatema-gateway-coap,13,1626706736.664,0.015912824652104224
name-fatema-gateway-coap,14,1626706737.664,0.014210101053717632
name-fatema-gateway-coap,15,1626706738.664,0.012753015779000235
name-fatema-gateway-coap,16,1626706739.664,0.01314534292347114
name-fatema-gateway-coap,17,1626706740.664,0.012271758989897812
name-fatema-gateway-coap,18,1626706741.664,0.012966863574957948
name-fatema-gateway-coap,19,1626706742.664,0.013112665182370555
name-fatema-gateway-coap,20,1626706743.664,0.012752867327535115
name-fatema-gateway-coap,21,1626706744.664,0.011947082156833674
name-fatema-gateway-coap,22,1626706745.664,0.010172078815533211
name-fatema-gateway-coap,23,1626706746.664,0.011216526731346571
name-fatema-gateway-coap,24,1626706747.664,0.01188832398767134
name-fatema-gateway-coap,25,1626706748.664,0.01168434797358448
name-fatema-gateway-coap,26,1626706749.664,0.012693317997419835
name-fatema-gateway-coap,27,1626706750.664,0.012166284603541836
name-fatema-gateway-coap,28,1626706751.664,0.02002764599021819
name-fatema-gateway-coap,29,1626706752.664,0.030414641446128723
name-fatema-gateway-coap,30,1626706753.664,0.03791823643154332
