metric,num,timestamp,value
type-cloud,0,1626707660.266,1
type-cloud,1,1626707661.266,1
type-cloud,2,1626707662.266,1
type-cloud,3,1626707663.266,1
type-cloud,4,1626707664.266,1
type-cloud,5,1626707665.266,1
type-cloud,6,1626707666.266,1
type-cloud,7,1626707667.266,1
type-cloud,8,1626707668.266,1
type-cloud,9,1626707669.266,1
type-cloud,10,1626707670.266,1
type-cloud,11,1626707671.266,1
type-cloud,12,1626707672.266,1
type-cloud,13,1626707673.266,1
type-cloud,14,1626707674.266,1
type-cloud,15,1626707675.266,1
type-cloud,16,1626707676.266,1
type-cloud,17,1626707677.266,1
type-cloud,18,1626707678.266,1
type-cloud,19,1626707679.266,1
type-cloud,20,1626707680.266,1
type-cloud,21,1626707681.266,1
type-cloud,22,1626707682.266,1
type-cloud,23,1626707683.266,1
type-cloud,24,1626707684.266,1
type-cloud,25,1626707685.266,1
type-cloud,26,1626707686.266,1
type-cloud,27,1626707687.266,1
type-cloud,28,1626707688.266,1
type-cloud,29,1626707689.266,1
type-cloud,30,1626707690.266,1
type-device-error-activation,0,1626707660.266,1
type-device-error-activation,1,1626707661.266,1
type-device-error-activation,2,1626707662.266,1
type-device-error-activation,3,1626707663.266,1
type-device-error-activation,4,1626707664.266,1
type-device-error-activation,5,1626707665.266,1
type-device-error-activation,6,1626707666.266,1
type-device-error-activation,7,1626707667.266,1
type-device-error-activation,8,1626707668.266,1
type-device-error-activation,9,1626707669.266,1
type-device-error-activation,10,1626707670.266,1
type-device-error-activation,11,1626707671.266,1
type-device-error-activation,12,1626707672.266,1
type-device-error-activation,13,1626707673.266,1
type-device-error-activation,14,1626707674.266,1
type-device-error-activation,15,1626707675.266,1
type-device-error-activation,16,1626707676.266,1
type-device-error-activation,17,1626707677.266,1
type-device-error-activation,18,1626707678.266,1
type-device-error-activation,19,1626707679.266,1
type-device-error-activation,20,1626707680.266,1
type-device-error-activation,21,1626707681.266,1
type-device-error-activation,22,1626707682.266,1
type-device-error-activation,23,1626707683.266,1
type-device-error-activation,24,1626707684.266,1
type-device-error-activation,25,1626707685.266,1
type-device-error-activation,26,1626707686.266,1
type-device-error-activation,27,1626707687.266,1
type-device-error-activation,28,1626707688.266,1
type-device-error-activation,29,1626707689.266,1
type-device-error-activation,30,1626707690.266,1
type-device-error-resolution,0,1626707660.266,1
type-device-error-resolution,1,1626707661.266,1
type-device-error-resolution,2,1626707662.266,1
type-device-error-resolution,3,1626707663.266,1
type-device-error-resolution,4,1626707664.266,1
type-device-error-resolution,5,1626707665.266,1
type-device-error-resolution,6,1626707666.266,1
type-device-error-resolution,7,1626707667.266,1
type-device-error-resolution,8,1626707668.266,1
type-device-error-resolution,9,1626707669.266,1
type-device-error-resolution,10,1626707670.266,1
type-device-error-resolution,11,1626707671.266,1
type-device-error-resolution,12,1626707672.266,1
type-device-error-resolution,13,1626707673.266,1
type-device-error-resolution,14,1626707674.266,1
type-device-error-resolution,15,1626707675.266,1
type-device-error-resolution,16,1626707676.266,1
type-device-error-resolution,17,1626707677.266,1
type-device-error-resolution,18,1626707678.266,1
type-device-error-resolution,19,1626707679.266,1
type-device-error-resolution,20,1626707680.266,1
type-device-error-resolution,21,1626707681.266,1
type-device-error-resolution,22,1626707682.266,1
type-device-error-resolution,23,1626707683.266,1
type-device-error-resolution,24,1626707684.266,1
type-device-error-resolution,25,1626707685.266,1
type-device-error-resolution,26,1626707686.266,1
type-device-error-resolution,27,1626707687.266,1
type-device-error-resolution,28,1626707688.266,1
type-device-error-resolution,29,1626707689.266,1
type-device-error-resolution,30,1626707690.266,1
