metric,num,timestamp,value
name-fatema-cloud,0,1626707660.266,0.009951332713820774
name-fatema-cloud,1,1626707661.266,0.00996519194679378
name-fatema-cloud,2,1626707662.266,0.011029025407233816
name-fatema-cloud,3,1626707663.266,0.010269011458995713
name-fatema-cloud,4,1626707664.266,0.010203958703903124
name-fatema-cloud,5,1626707665.266,0.010046823886666558
name-fatema-cloud,6,1626707666.266,0.012459866821326854
name-fatema-cloud,7,1626707667.266,0.013414546738004258
name-fatema-cloud,8,1626707668.266,0.012565560684052488
name-fatema-cloud,9,1626707669.266,0.010182343826124613
name-fatema-cloud,10,1626707670.266,0.011774496712920357
name-fatema-cloud,11,1626707671.266,0.01423989056189222
name-fatema-cloud,12,1626707672.266,0.014252295676780194
name-fatema-cloud,13,1626707673.266,0.011726655979276827
name-fatema-cloud,14,1626707674.266,0.008448026834311048
name-fatema-cloud,15,1626707675.266,0.009355335620391932
name-fatema-cloud,16,1626707676.266,0.01019272837300801
name-fatema-cloud,17,1626707677.266,0.010971275420211772
name-fatema-cloud,18,1626707678.266,0.009217594114672125
name-fatema-cloud,19,1626707679.266,0.009239002607006675
name-fatema-cloud,20,1626707680.266,0.009243148543988434
name-fatema-cloud,21,1626707681.266,0.010893313560490085
name-fatema-cloud,22,1626707682.266,0.009996816333943597
name-fatema-cloud,23,1626707683.266,0.009219018243157994
name-fatema-cloud,24,1626707684.266,0.00841627267012267
name-fatema-cloud,25,1626707685.266,0.01012667743326577
name-fatema-cloud,26,1626707686.266,0.017571142190718037
name-fatema-cloud,27,1626707687.266,0.016741032808071564
name-fatema-cloud,28,1626707688.266,0.016734862507783617
name-fatema-cloud,29,1626707689.266,0.009264781640641664
name-fatema-cloud,30,1626707690.266,0.010128293844360052
name-fatema-device-coap,0,1626707660.266,0.01364422073538746
name-fatema-device-coap,1,1626707661.266,0.012726714089566469
name-fatema-device-coap,2,1626707662.266,0.012779049560110672
name-fatema-device-coap,3,1626707663.266,0.01275673962779433
name-fatema-device-coap,4,1626707664.266,0.015359166314930279
name-fatema-device-coap,5,1626707665.266,0.017806743643428675
name-fatema-device-coap,6,1626707666.266,0.018608981663731483
name-fatema-device-coap,7,1626707667.266,0.01609339209457048
name-fatema-device-coap,8,1626707668.266,0.019708433782058978
name-fatema-device-coap,9,1626707669.266,0.039464098902404834
name-fatema-device-coap,10,1626707670.266,0.03773693128330055
name-fatema-device-coap,11,1626707671.266,0.03983083231749539
name-fatema-device-coap,12,1626707672.266,0.01840470205677866
name-fatema-device-coap,13,1626707673.266,0.020092342404212826
name-fatema-device-coap,14,1626707674.266,0.011892594888330497
name-fatema-device-coap,15,1626707675.266,0.0126520821744009
name-fatema-device-coap,16,1626707676.266,0.013560350039906919
name-fatema-device-coap,17,1626707677.266,0.016102262443226573
name-fatema-device-coap,18,1626707678.266,0.014458163730257526
name-fatema-device-coap,19,1626707679.266,0.01265245996731561
name-fatema-device-coap,20,1626707680.266,0.017698560054884824
name-fatema-device-coap,21,1626707681.266,0.017724725735977505
name-fatema-device-coap,22,1626707682.266,0.019476598202135688
name-fatema-device-coap,23,1626707683.266,0.013554781212288187
name-fatema-device-coap,24,1626707684.266,0.012713083516879282
name-fatema-device-coap,25,1626707685.266,0.011816817948026722
name-fatema-device-coap,26,1626707686.266,0.014424534475859294
name-fatema-device-coap,27,1626707687.266,0.015309768620022007
name-fatema-device-coap,28,1626707688.266,0.01536027749695713
name-fatema-device-coap,29,1626707689.266,0.010270531360436489
name-fatema-device-coap,30,1626707690.266,0.01110724425072081
name-fatema-gateway-coap,0,1626707660.266,0.010131856030663161
name-fatema-gateway-coap,1,1626707661.266,0.009277287989728189
name-fatema-gateway-coap,2,1626707662.266,0.010123520807872547
name-fatema-gateway-coap,3,1626707663.266,0.010190630532875626
name-fatema-gateway-coap,4,1626707664.266,0.008470783575981584
name-fatema-gateway-coap,5,1626707665.266,0.010078624075139193
name-fatema-gateway-coap,6,1626707666.266,0.014977484816437724
name-fatema-gateway-coap,7,1626707667.266,0.014185848169757266
name-fatema-gateway-coap,8,1626707668.266,0.01598731386086823
name-fatema-gateway-coap,9,1626707669.266,0.012987980266294314
name-fatema-gateway-coap,10,1626707670.266,0.01442010481399675
name-fatema-gateway-coap,11,1626707671.266,0.014310379549988667
name-fatema-gateway-coap,12,1626707672.266,0.014029441216541243
name-fatema-gateway-coap,13,1626707673.266,0.01305585693940991
name-fatema-gateway-coap,14,1626707674.266,0.012243164418593123
name-fatema-gateway-coap,15,1626707675.266,0.013617477541146585
name-fatema-gateway-coap,16,1626707676.266,0.016028499355153478
name-fatema-gateway-coap,17,1626707677.266,0.0134067569902306
name-fatema-gateway-coap,18,1626707678.266,0.01145192721712541
name-fatema-gateway-coap,19,1626707679.266,0.00934837571058883
name-fatema-gateway-coap,20,1626707680.266,0.009231396452973401
name-fatema-gateway-coap,21,1626707681.266,0.012051168100476475
name-fatema-gateway-coap,22,1626707682.266,0.015859756132880865
name-fatema-gateway-coap,23,1626707683.266,0.016726248561358115
name-fatema-gateway-coap,24,1626707684.266,0.015872553163143933
name-fatema-gateway-coap,25,1626707685.266,0.01184868583693632
name-fatema-gateway-coap,26,1626707686.266,0.01219550263785114
name-fatema-gateway-coap,27,1626707687.266,0.012589604476777894
name-fatema-gateway-coap,28,1626707688.266,0.014371795715001977
name-fatema-gateway-coap,29,1626707689.266,0.011195119778736658
name-fatema-gateway-coap,30,1626707690.266,0.011090735254058598
