order,metrics,1,2
1,Error Activated,1626707665481.0,1626707675483.0
2, Error Resolved,1626707670496.0,1626707685494.0
3,Error Detected FaTEMa,1626707665588.0,1626707675786.0
4,Error Resolved FaTEMa,1626707670682.0,1626707685687.0
5,Error Detection,107.0,303.0
6,Error Resolution,186.0,193.0
7,Total Req,1189.0,1189.0
8,Total Sucess,901.0,901.0
9,Total Error,3.0,3.0
10,Total Handled,285.0,285.0
11,% Sucess,75.77796467619848,75.77796467619848
12,% Error,0.2523128679562658,0.2523128679562658
13,%Handled,23.96972245584525,23.96972245584525
14,Total Success Cloud,907.0,907.0
15,Total Error Cloud,3.0,3.0
16,Total Handled Cloud,285.0,285.0
17,Total Detected Cloud,4.0,4.0
18,FaTEMa Time,24.75,24.75
19,Injected,288.0,288.0
20,Real Injected,282.0,282.0
