metric,num,timestamp,value
name-fatema-cloud,0,1626708395.295,0.010115202402694189
name-fatema-cloud,1,1626708396.295,0.0075430292548280785
name-fatema-cloud,2,1626708397.295,0.010931660444966806
name-fatema-cloud,3,1626708398.295,0.010982080779391338
name-fatema-cloud,4,1626708399.295,0.012615898498527959
name-fatema-cloud,5,1626708400.295,0.011786531480348857
name-fatema-cloud,6,1626708401.295,0.010889992536078384
name-fatema-cloud,7,1626708402.295,0.010089381240344414
name-fatema-cloud,8,1626708403.295,0.009201139273232836
name-fatema-cloud,9,1626708404.295,0.010892763531978624
name-fatema-cloud,10,1626708405.295,0.01172260667889494
name-fatema-cloud,11,1626708406.295,0.01173106523619346
name-fatema-cloud,12,1626708407.295,0.01084282454455857
name-fatema-cloud,13,1626708408.295,0.015805393972233045
name-fatema-cloud,14,1626708409.295,0.016685177382046106
name-fatema-cloud,15,1626708410.295,0.01585764505859616
name-fatema-cloud,16,1626708411.295,0.013475618394391277
name-fatema-cloud,17,1626708412.295,0.01178408905682815
name-fatema-cloud,18,1626708413.295,0.011896102830938702
name-fatema-cloud,19,1626708414.295,0.008541401976237848
name-fatema-cloud,20,1626708415.295,0.010263234988049538
name-fatema-cloud,21,1626708416.295,0.010167913319173823
name-fatema-cloud,22,1626708417.295,0.010154963306223811
name-fatema-cloud,23,1626708418.295,0.01018126248568941
name-fatema-cloud,24,1626708419.295,0.011188396619758529
name-fatema-cloud,25,1626708420.295,0.012889612310611526
name-fatema-cloud,26,1626708421.295,0.018561431643763372
name-fatema-cloud,27,1626708422.295,0.017629979301567678
name-fatema-cloud,28,1626708423.295,0.01591581226969442
name-fatema-cloud,29,1626708424.295,0.008491069858589408
name-fatema-cloud,30,1626708425.295,0.009276737161866215
name-fatema-device-coap,0,1626708395.295,0.02393902021626206
name-fatema-device-coap,1,1626708396.295,0.022140444912834328
name-fatema-device-coap,2,1626708397.295,0.014592879540056055
name-fatema-device-coap,3,1626708398.295,0.014650753254732368
name-fatema-device-coap,4,1626708399.295,0.013782697699176814
name-fatema-device-coap,5,1626708400.295,0.017083994089010974
name-fatema-device-coap,6,1626708401.295,0.021866763746165155
name-fatema-device-coap,7,1626708402.295,0.021003203776843036
name-fatema-device-coap,8,1626708403.295,0.01598880173938685
name-fatema-device-coap,9,1626708404.295,0.012033790951930613
name-fatema-device-coap,10,1626708405.295,0.012841007517615516
name-fatema-device-coap,11,1626708406.295,0.016209816391621393
name-fatema-device-coap,12,1626708407.295,0.016161441787362257
name-fatema-device-coap,13,1626708408.295,0.0170767540428807
name-fatema-device-coap,14,1626708409.295,0.01622280388330817
name-fatema-device-coap,15,1626708410.295,0.017919300521791755
name-fatema-device-coap,16,1626708411.295,0.017020812657177236
name-fatema-device-coap,17,1626708412.295,0.016152411765174637
name-fatema-device-coap,18,1626708413.295,0.014504428121632617
name-fatema-device-coap,19,1626708414.295,0.023738051640970422
name-fatema-device-coap,20,1626708415.295,0.042705356919066594
name-fatema-device-coap,21,1626708416.295,0.04873523460842705
name-fatema-device-coap,22,1626708417.295,0.0386907885536183
name-fatema-device-coap,23,1626708418.295,0.01888609248164112
name-fatema-device-coap,24,1626708419.295,0.012874482436296256
name-fatema-device-coap,25,1626708420.295,0.011147366719543233
name-fatema-device-coap,26,1626708421.295,0.013711604151232803
name-fatema-device-coap,27,1626708422.295,0.013619185116213706
name-fatema-device-coap,28,1626708423.295,0.014473885970914561
name-fatema-device-coap,29,1626708424.295,0.01107307909363299
name-fatema-device-coap,30,1626708425.295,0.0204132064796285
name-fatema-gateway-coap,0,1626708395.295,0.012210741063735618
name-fatema-gateway-coap,1,1626708396.295,0.014285777981734572
name-fatema-gateway-coap,2,1626708397.295,0.012568939631232855
name-fatema-gateway-coap,3,1626708398.295,0.01600357552633139
name-fatema-gateway-coap,4,1626708399.295,0.013444136938974022
name-fatema-gateway-coap,5,1626708400.295,0.014353753410825289
name-fatema-gateway-coap,6,1626708401.295,0.01426057974076699
name-fatema-gateway-coap,7,1626708402.295,0.01596972112177204
name-fatema-gateway-coap,8,1626708403.295,0.014260279112179898
name-fatema-gateway-coap,9,1626708404.295,0.01179022128646284
name-fatema-gateway-coap,10,1626708405.295,0.010020077712292052
name-fatema-gateway-coap,11,1626708406.295,0.01159857090991692
name-fatema-gateway-coap,12,1626708407.295,0.011635763621711419
name-fatema-gateway-coap,13,1626708408.295,0.016625549433275117
name-fatema-gateway-coap,14,1626708409.295,0.015841477183685625
name-fatema-gateway-coap,15,1626708410.295,0.014111863235631638
name-fatema-gateway-coap,16,1626708411.295,0.012107989268196243
name-fatema-gateway-coap,17,1626708412.295,0.01094015940699855
name-fatema-gateway-coap,18,1626708413.295,0.012757320391248961
name-fatema-gateway-coap,19,1626708414.295,0.011087439705824237
name-fatema-gateway-coap,20,1626708415.295,0.013742523197325196
name-fatema-gateway-coap,21,1626708416.295,0.014505973069062731
name-fatema-gateway-coap,22,1626708417.295,0.01528781623278657
name-fatema-gateway-coap,23,1626708418.295,0.01523089589285292
name-fatema-gateway-coap,24,1626708419.295,0.014423021199904846
name-fatema-gateway-coap,25,1626708420.295,0.015311061432373006
name-fatema-gateway-coap,26,1626708421.295,0.017015791155127143
name-fatema-gateway-coap,27,1626708422.295,0.016123747112483062
name-fatema-gateway-coap,28,1626708423.295,0.013555237518488097
name-fatema-gateway-coap,29,1626708424.295,0.009277725354826549
name-fatema-gateway-coap,30,1626708425.295,0.009259515630074006
