order,metrics,1,2
1,Error Activated,1626708400515.0,1626708410516.0
2, Error Resolved,1626708405528.0,1626708420565.0
3,Error Detected FaTEMa,1626708400808.0,1626708410707.0
4,Error Resolved FaTEMa,1626708405569.0,1626708421001.0
5,Error Detection,293.0,191.0
6,Error Resolution,41.0,436.0
7,Total Req,1133.0,1133.0
8,Total Sucess,811.0,811.0
9,Total Error,7.0,7.0
10,Total Handled,315.0,315.0
11,% Sucess,71.57987643424536,71.57987643424536
12,% Error,0.617828773168579,0.617828773168579
13,%Handled,27.802294792586054,27.802294792586054
14,Total Success Cloud,817.0,817.0
15,Total Error Cloud,7.0,7.0
16,Total Handled Cloud,315.0,315.0
17,Total Detected Cloud,0.0,0.0
18,FaTEMa Time,62.5,62.5
19,Injected,322.0,322.0
20,Real Injected,318.0,318.0
