metric,num,timestamp,value
name-fatema-cloud,0,1626704313.688,0.009320226628970866
name-fatema-cloud,1,1626704314.688,0.011058597237277508
name-fatema-cloud,2,1626704315.688,0.01202035898065529
name-fatema-cloud,3,1626704316.688,0.010221922927846001
name-fatema-cloud,4,1626704317.688,0.009406116383250479
name-fatema-cloud,5,1626704318.688,0.01015336978172366
name-fatema-cloud,6,1626704319.688,0.010144780487420083
name-fatema-cloud,7,1626704320.688,0.010913883715391254
name-fatema-cloud,8,1626704321.688,0.011743457679293577
name-fatema-cloud,9,1626704322.688,0.01177725589837098
name-fatema-cloud,10,1626704323.688,0.011043907387823087
name-fatema-cloud,11,1626704324.688,0.01191492649507221
name-fatema-cloud,12,1626704325.688,0.017043664289046283
name-fatema-cloud,13,1626704326.688,0.01705651244954225
name-fatema-cloud,14,1626704327.688,0.016161105477694546
name-fatema-cloud,15,1626704328.688,0.010212920655434051
name-fatema-cloud,16,1626704329.688,0.012817181514711798
name-fatema-cloud,17,1626704330.688,0.011979254560599525
name-fatema-cloud,18,1626704331.688,0.012022868593850862
name-fatema-cloud,19,1626704332.688,0.009464204473703483
name-fatema-cloud,20,1626704333.688,0.008672908494112482
name-fatema-cloud,21,1626704334.688,0.00862434497947187
name-fatema-cloud,22,1626704335.688,0.008556445226494902
name-fatema-cloud,23,1626704336.688,0.011068466744614723
name-fatema-cloud,24,1626704337.688,0.0136927527899534
name-fatema-cloud,25,1626704338.688,0.013657775759843189
name-fatema-cloud,26,1626704339.688,0.012005590064801466
name-fatema-cloud,27,1626704340.688,0.010395213856902038
name-fatema-cloud,28,1626704341.688,0.011168848945257936
name-fatema-cloud,29,1626704342.688,0.011978897901774666
name-fatema-cloud,30,1626704343.688,0.010128186703973849
name-fatema-device-coap,0,1626704313.688,0.02130070658204666
name-fatema-device-coap,1,1626704314.688,0.022164793108856735
name-fatema-device-coap,2,1626704315.688,0.017649233505123048
name-fatema-device-coap,3,1626704316.688,0.014244159072129836
name-fatema-device-coap,4,1626704317.688,0.017671682530634548
name-fatema-device-coap,5,1626704318.688,0.016055313864226685
name-fatema-device-coap,6,1626704319.688,0.031198744873994325
name-fatema-device-coap,7,1626704320.688,0.02765999849338501
name-fatema-device-coap,8,1626704321.688,0.027689910393653046
name-fatema-device-coap,9,1626704322.688,0.01337981271721873
name-fatema-device-coap,10,1626704323.688,0.012661617544245775
name-fatema-device-coap,11,1626704324.688,0.02545570176690143
name-fatema-device-coap,12,1626704325.688,0.024573348825724955
name-fatema-device-coap,13,1626704326.688,0.02552570300104096
name-fatema-device-coap,14,1626704327.688,0.023153220916516993
name-fatema-device-coap,15,1626704328.688,0.022428820822369
name-fatema-device-coap,16,1626704329.688,0.023116840091367382
name-fatema-device-coap,17,1626704330.688,0.018673740287793148
name-fatema-device-coap,18,1626704331.688,0.01863972668235097
name-fatema-device-coap,19,1626704332.688,0.01696464186311902
name-fatema-device-coap,20,1626704333.688,0.01096486052307582
name-fatema-device-coap,21,1626704334.688,0.011889005822221119
name-fatema-device-coap,22,1626704335.688,0.011995375844815713
name-fatema-device-coap,23,1626704336.688,0.012902338624400758
name-fatema-device-coap,24,1626704337.688,0.012004902726964861
name-fatema-device-coap,25,1626704338.688,0.012706610961497694
name-fatema-device-coap,26,1626704339.688,0.012692806630706419
name-fatema-device-coap,27,1626704340.688,0.014366170984908333
name-fatema-device-coap,28,1626704341.688,0.014378608164524694
name-fatema-device-coap,29,1626704342.688,0.016118759683763105
name-fatema-device-coap,30,1626704343.688,0.015268463148187382
name-fatema-gateway-coap,0,1626704313.688,0.010935261468066476
name-fatema-gateway-coap,1,1626704314.688,0.011190357850069492
name-fatema-gateway-coap,2,1626704315.688,0.010281513698378677
name-fatema-gateway-coap,3,1626704316.688,0.011291456136892544
name-fatema-gateway-coap,4,1626704317.688,0.011961865743357029
name-fatema-gateway-coap,5,1626704318.688,0.01235919944013948
name-fatema-gateway-coap,6,1626704319.688,0.013483165880246884
name-fatema-gateway-coap,7,1626704320.688,0.010926999032320863
name-fatema-gateway-coap,8,1626704321.688,0.014096547234100946
name-fatema-gateway-coap,9,1626704322.688,0.013426604076058038
name-fatema-gateway-coap,10,1626704323.688,0.015222736086075977
name-fatema-gateway-coap,11,1626704324.688,0.016155802511842177
name-fatema-gateway-coap,12,1626704325.688,0.014553069779045476
name-fatema-gateway-coap,13,1626704326.688,0.018021930613977742
name-fatema-gateway-coap,14,1626704327.688,0.014629470280172774
name-fatema-gateway-coap,15,1626704328.688,0.015384749062110705
name-fatema-gateway-coap,16,1626704329.688,0.01164093302182903
name-fatema-gateway-coap,17,1626704330.688,0.012377956801125259
name-fatema-gateway-coap,18,1626704331.688,0.011998108719930503
name-fatema-gateway-coap,19,1626704332.688,0.0122070176729651
name-fatema-gateway-coap,20,1626704333.688,0.011143786277649967
name-fatema-gateway-coap,21,1626704334.688,0.011274325238347501
name-fatema-gateway-coap,22,1626704335.688,0.01126390479492506
name-fatema-gateway-coap,23,1626704336.688,0.011210171061276884
name-fatema-gateway-coap,24,1626704337.688,0.01171531976270044
name-fatema-gateway-coap,25,1626704338.688,0.01272673852772206
name-fatema-gateway-coap,26,1626704339.688,0.015373394978815949
name-fatema-gateway-coap,27,1626704340.688,0.015483047251455275
name-fatema-gateway-coap,28,1626704341.688,0.012945359017022321
name-fatema-gateway-coap,29,1626704342.688,0.011123532504474157
name-fatema-gateway-coap,30,1626704343.688,0.010994949522195473
