metric,num,timestamp,value
name-fatema-cloud,0,1626704802.538,0.015161597924902504
name-fatema-cloud,1,1626704803.538,0.009196908686891372
name-fatema-cloud,2,1626704804.538,0.009196909962368062
name-fatema-cloud,3,1626704805.538,0.008347308852513597
name-fatema-cloud,4,1626704806.538,0.010773818258401586
name-fatema-cloud,5,1626704807.538,0.012474370989250834
name-fatema-cloud,6,1626704808.538,0.01426764463126397
name-fatema-cloud,7,1626704809.538,0.013567073125288421
name-fatema-cloud,8,1626704810.538,0.014842506760662661
name-fatema-cloud,9,1626704811.538,0.013363622128558192
name-fatema-cloud,10,1626704812.538,0.01500557891726579
name-fatema-cloud,11,1626704813.538,0.01788788186426059
name-fatema-cloud,12,1626704814.538,0.019231128620855117
name-fatema-cloud,13,1626704815.538,0.015729654118800396
name-fatema-cloud,14,1626704816.538,0.012005527410912546
name-fatema-cloud,15,1626704817.538,0.014205528218965327
name-fatema-cloud,16,1626704818.538,0.016680569261658063
name-fatema-cloud,17,1626704819.538,0.01574828898105897
name-fatema-cloud,18,1626704820.538,0.013372885186782462
name-fatema-cloud,19,1626704821.538,0.011778058457139862
name-fatema-cloud,20,1626704822.538,0.011743873065811613
name-fatema-cloud,21,1626704823.538,0.01095212722456082
name-fatema-cloud,22,1626704824.538,0.01007610114752972
name-fatema-cloud,23,1626704825.538,0.010076101147529718
name-fatema-cloud,24,1626704826.538,0.009221444564084158
name-fatema-cloud,25,1626704827.538,0.00996122958408344
name-fatema-cloud,26,1626704828.538,0.010007910827411025
name-fatema-cloud,27,1626704829.538,0.012516200794568935
name-fatema-cloud,28,1626704830.538,0.013506749604250835
name-fatema-cloud,29,1626704831.538,0.011768274803458052
name-fatema-cloud,30,1626704832.538,0.01009675337716423
name-fatema-device-coap,0,1626704802.538,0.013567681694274997
name-fatema-device-coap,1,1626704803.538,0.011862684974775014
name-fatema-device-coap,2,1626704804.538,0.013592669919718506
name-fatema-device-coap,3,1626704805.538,0.013601526224598374
name-fatema-device-coap,4,1626704806.538,0.014513652576188788
name-fatema-device-coap,5,1626704807.538,0.01981451836699294
name-fatema-device-coap,6,1626704808.538,0.025650865753691493
name-fatema-device-coap,7,1626704809.538,0.025673133176462793
name-fatema-device-coap,8,1626704810.538,0.018685333504305453
name-fatema-device-coap,9,1626704811.538,0.012020859797028443
name-fatema-device-coap,10,1626704812.538,0.011949844043405156
name-fatema-device-coap,11,1626704813.538,0.024730448215104846
name-fatema-device-coap,12,1626704814.538,0.024701459437449506
name-fatema-device-coap,13,1626704815.538,0.023901156775894727
name-fatema-device-coap,14,1626704816.538,0.012833785665013826
name-fatema-device-coap,15,1626704817.538,0.01194674272306602
name-fatema-device-coap,16,1626704818.538,0.014338925894402959
name-fatema-device-coap,17,1626704819.538,0.01348395735834922
name-fatema-device-coap,18,1626704820.538,0.013467122341514204
name-fatema-device-coap,19,1626704821.538,0.01703967743197943
name-fatema-device-coap,20,1626704822.538,0.03223780015366995
name-fatema-device-coap,21,1626704823.538,0.03814706816161248
name-fatema-device-coap,22,1626704824.538,0.032180488561145804
name-fatema-device-coap,23,1626704825.538,0.016089999277445862
name-fatema-device-coap,24,1626704826.538,0.012912497187039632
name-fatema-device-coap,25,1626704827.538,0.012885971830670782
name-fatema-device-coap,26,1626704828.538,0.013800366080616999
name-fatema-device-coap,27,1626704829.538,0.01360311892107895
name-fatema-device-coap,28,1626704830.538,0.013585764589003803
name-fatema-device-coap,29,1626704831.538,0.013507924974898949
name-fatema-device-coap,30,1626704832.538,0.01264387461744807
name-fatema-gateway-coap,0,1626704802.538,0.008426397683105442
name-fatema-gateway-coap,1,1626704803.538,0.0071910271211097065
name-fatema-gateway-coap,2,1626704804.538,0.008338766354434184
name-fatema-gateway-coap,3,1626704805.538,0.007488598004265833
name-fatema-gateway-coap,4,1626704806.538,0.009117245051588336
name-fatema-gateway-coap,5,1626704807.538,0.009986279338593758
name-fatema-gateway-coap,6,1626704808.538,0.014452427053662531
name-fatema-gateway-coap,7,1626704809.538,0.016302854066977884
name-fatema-gateway-coap,8,1626704810.538,0.015321144929995995
name-fatema-gateway-coap,9,1626704811.538,0.009332989734999785
name-fatema-gateway-coap,10,1626704812.538,0.009341449542454566
name-fatema-gateway-coap,11,1626704813.538,0.012858943231953789
name-fatema-gateway-coap,12,1626704814.538,0.01664392478474655
name-fatema-gateway-coap,13,1626704815.538,0.016661103373353706
name-fatema-gateway-coap,14,1626704816.538,0.011735365713442093
name-fatema-gateway-coap,15,1626704817.538,0.010892725098482027
name-fatema-gateway-coap,16,1626704818.538,0.012186146103869045
name-fatema-gateway-coap,17,1626704819.538,0.013359042346895757
name-fatema-gateway-coap,18,1626704820.538,0.012508748362273413
name-fatema-gateway-coap,19,1626704821.538,0.01262072912308004
name-fatema-gateway-coap,20,1626704822.538,0.012164527666736797
name-fatema-gateway-coap,21,1626704823.538,0.011029705195681718
name-fatema-gateway-coap,22,1626704824.538,0.010892598806734387
name-fatema-gateway-coap,23,1626704825.538,0.010867968264862466
name-fatema-gateway-coap,24,1626704826.538,0.013099461962274845
name-fatema-gateway-coap,25,1626704827.538,0.016026470539204654
name-fatema-gateway-coap,26,1626704828.538,0.017501329097761757
name-fatema-gateway-coap,27,1626704829.538,0.016367353139713464
name-fatema-gateway-coap,28,1626704830.538,0.013639046963131425
name-fatema-gateway-coap,29,1626704831.538,0.010957581683767375
name-fatema-gateway-coap,30,1626704832.538,0.009268655791398373
