order,metrics,1,2
1,Error Activated,1626704807751.0,1626704817776.0
2, Error Resolved,1626704812763.0,1626704827786.0
3,Error Detected FaTEMa,1626704807886.0,1626704818105.0
4,Error Resolved FaTEMa,1626704812983.0,1626704827985.0
5,Error Detection,135.0,329.0
6,Error Resolution,220.0,199.0
7,Total Req,1137.0,1137.0
8,Total Sucess,873.0,873.0
9,Total Error,5.0,5.0
10,Total Handled,259.0,259.0
11,% Sucess,76.78100263852242,76.78100263852242
12,% Error,0.43975373790677225,0.43975373790677225
13,%Handled,22.7792436235708,22.7792436235708
14,Total Success Cloud,879.0,879.0
15,Total Error Cloud,5.0,5.0
16,Total Handled Cloud,259.0,259.0
17,Total Detected Cloud,1.0,1.0
18,FaTEMa Time,26.333333333333332,26.333333333333332
19,Injected,264.0,264.0
20,Real Injected,253.0,253.0
