metric,num,timestamp,value
type-cloud,0,1626704061.09,1
type-cloud,1,1626704062.09,1
type-cloud,2,1626704063.09,1
type-cloud,3,1626704064.09,1
type-cloud,4,1626704065.09,1
type-cloud,5,1626704066.09,1
type-cloud,6,1626704067.09,1
type-cloud,7,1626704068.09,1
type-cloud,8,1626704069.09,1
type-cloud,9,1626704070.09,1
type-cloud,10,1626704071.09,1
type-cloud,11,1626704072.09,1
type-cloud,12,1626704073.09,1
type-cloud,13,1626704074.09,1
type-cloud,14,1626704075.09,1
type-cloud,15,1626704076.09,1
type-cloud,16,1626704077.09,1
type-cloud,17,1626704078.09,1
type-cloud,18,1626704079.09,1
type-cloud,19,1626704080.09,1
type-cloud,20,1626704081.09,1
type-cloud,21,1626704082.09,1
type-cloud,22,1626704083.09,1
type-cloud,23,1626704084.09,1
type-cloud,24,1626704085.09,1
type-cloud,25,1626704086.09,1
type-cloud,26,1626704087.09,1
type-cloud,27,1626704088.09,1
type-cloud,28,1626704089.09,1
type-cloud,29,1626704090.09,1
type-cloud,30,1626704091.09,1
type-device-error-activation,0,1626704061.09,1
type-device-error-activation,1,1626704062.09,1
type-device-error-activation,2,1626704063.09,1
type-device-error-activation,3,1626704064.09,1
type-device-error-activation,4,1626704065.09,1
type-device-error-activation,5,1626704066.09,1
type-device-error-activation,6,1626704067.09,1
type-device-error-activation,7,1626704068.09,1
type-device-error-activation,8,1626704069.09,1
type-device-error-activation,9,1626704070.09,1
type-device-error-activation,10,1626704071.09,1
type-device-error-activation,11,1626704072.09,1
type-device-error-activation,12,1626704073.09,1
type-device-error-activation,13,1626704074.09,1
type-device-error-activation,14,1626704075.09,1
type-device-error-activation,15,1626704076.09,1
type-device-error-activation,16,1626704077.09,1
type-device-error-activation,17,1626704078.09,1
type-device-error-activation,18,1626704079.09,1
type-device-error-activation,19,1626704080.09,1
type-device-error-activation,20,1626704081.09,1
type-device-error-activation,21,1626704082.09,1
type-device-error-activation,22,1626704083.09,1
type-device-error-activation,23,1626704084.09,1
type-device-error-activation,24,1626704085.09,1
type-device-error-activation,25,1626704086.09,1
type-device-error-activation,26,1626704087.09,1
type-device-error-activation,27,1626704088.09,1
type-device-error-activation,28,1626704089.09,1
type-device-error-activation,29,1626704090.09,1
type-device-error-activation,30,1626704091.09,1
type-device-error-resolution,0,1626704061.09,1
type-device-error-resolution,1,1626704062.09,1
type-device-error-resolution,2,1626704063.09,1
type-device-error-resolution,3,1626704064.09,1
type-device-error-resolution,4,1626704065.09,1
type-device-error-resolution,5,1626704066.09,1
type-device-error-resolution,6,1626704067.09,1
type-device-error-resolution,7,1626704068.09,1
type-device-error-resolution,8,1626704069.09,1
type-device-error-resolution,9,1626704070.09,1
type-device-error-resolution,10,1626704071.09,1
type-device-error-resolution,11,1626704072.09,1
type-device-error-resolution,12,1626704073.09,1
type-device-error-resolution,13,1626704074.09,1
type-device-error-resolution,14,1626704075.09,1
type-device-error-resolution,15,1626704076.09,1
type-device-error-resolution,16,1626704077.09,1
type-device-error-resolution,17,1626704078.09,1
type-device-error-resolution,18,1626704079.09,1
type-device-error-resolution,19,1626704080.09,1
type-device-error-resolution,20,1626704081.09,1
type-device-error-resolution,21,1626704082.09,1
type-device-error-resolution,22,1626704083.09,1
type-device-error-resolution,23,1626704084.09,1
type-device-error-resolution,24,1626704085.09,1
type-device-error-resolution,25,1626704086.09,1
type-device-error-resolution,26,1626704087.09,1
type-device-error-resolution,27,1626704088.09,1
type-device-error-resolution,28,1626704089.09,1
type-device-error-resolution,29,1626704090.09,1
type-device-error-resolution,30,1626704091.09,1
