metric,num,timestamp,value
name-fatema-cloud,0,1626704061.09,0.008340308211729338
name-fatema-cloud,1,1626704062.09,0.008346533983862418
name-fatema-cloud,2,1626704063.09,0.009221570842685926
name-fatema-cloud,3,1626704064.09,0.007559863732742688
name-fatema-cloud,4,1626704065.09,0.010039216145595916
name-fatema-cloud,5,1626704066.09,0.00918891961002019
name-fatema-cloud,6,1626704067.09,0.012594085661914833
name-fatema-cloud,7,1626704068.09,0.011849130377049159
name-fatema-cloud,8,1626704069.09,0.012714931242850025
name-fatema-cloud,9,1626704070.09,0.010121471884221538
name-fatema-cloud,10,1626704071.09,0.010065035999296357
name-fatema-cloud,11,1626704072.09,0.010857357394632828
name-fatema-cloud,12,1626704073.09,0.014212812105072792
name-fatema-cloud,13,1626704074.09,0.013406218800055025
name-fatema-cloud,14,1626704075.09,0.012548388073993362
name-fatema-cloud,15,1626704076.09,0.008411751553306387
name-fatema-cloud,16,1626704077.09,0.010048675489225299
name-fatema-cloud,17,1626704078.09,0.01082439631940231
name-fatema-cloud,18,1626704079.09,0.012420668629163608
name-fatema-cloud,19,1626704080.09,0.012423145348006483
name-fatema-cloud,20,1626704081.09,0.010830297965918782
name-fatema-cloud,21,1626704082.09,0.010032002091007844
name-fatema-cloud,22,1626704083.09,0.009226887243742866
name-fatema-cloud,23,1626704084.09,0.010027987678989643
name-fatema-cloud,24,1626704085.09,0.010002983278184795
name-fatema-cloud,25,1626704086.09,0.014109933181067923
name-fatema-cloud,26,1626704087.09,0.013351567788556189
name-fatema-cloud,27,1626704088.09,0.013393450149381104
name-fatema-cloud,28,1626704089.09,0.010986574272355972
name-fatema-cloud,29,1626704090.09,0.01011067768217367
name-fatema-cloud,30,1626704091.09,0.011773156744150217
name-fatema-device-coap,0,1626704061.09,0.011896349024702905
name-fatema-device-coap,1,1626704062.09,0.011011995283206306
name-fatema-device-coap,2,1626704063.09,0.011892906090255133
name-fatema-device-coap,3,1626704064.09,0.011901451784080013
name-fatema-device-coap,4,1626704065.09,0.011060352560372478
name-fatema-device-coap,5,1626704066.09,0.011925978077171117
name-fatema-device-coap,6,1626704067.09,0.016897281493322647
name-fatema-device-coap,7,1626704068.09,0.03646261152610508
name-fatema-device-coap,8,1626704069.09,0.03556227463438888
name-fatema-device-coap,9,1626704070.09,0.03058242552441247
name-fatema-device-coap,10,1626704071.09,0.012703831231750014
name-fatema-device-coap,11,1626704072.09,0.02624954477746356
name-fatema-device-coap,12,1626704073.09,0.02542218310398649
name-fatema-device-coap,13,1626704074.09,0.027974658716014355
name-fatema-device-coap,14,1626704075.09,0.014454935107925506
name-fatema-device-coap,15,1626704076.09,0.01525716989060404
name-fatema-device-coap,16,1626704077.09,0.01187706506766582
name-fatema-device-coap,17,1626704078.09,0.012722954573349139
name-fatema-device-coap,18,1626704079.09,0.01279669832278697
name-fatema-device-coap,19,1626704080.09,0.022935518316969328
name-fatema-device-coap,20,1626704081.09,0.024542392424465775
name-fatema-device-coap,21,1626704082.09,0.022776038986682647
name-fatema-device-coap,22,1626704083.09,0.019438767792268597
name-fatema-device-coap,23,1626704084.09,0.016925654408109326
name-fatema-device-coap,24,1626704085.09,0.0203880892391448
name-fatema-device-coap,25,1626704086.09,0.013611313132471787
name-fatema-device-coap,26,1626704087.09,0.017854810389249732
name-fatema-device-coap,27,1626704088.09,0.018682760395285533
name-fatema-device-coap,28,1626704089.09,0.018648226119219593
name-fatema-device-coap,29,1626704090.09,0.014413961804997922
name-fatema-device-coap,30,1626704091.09,0.010990753396292777
name-fatema-gateway-coap,0,1626704061.09,0.011368989525257382
name-fatema-gateway-coap,1,1626704062.09,0.010865029258945964
name-fatema-gateway-coap,2,1626704063.09,0.010372761361142152
name-fatema-gateway-coap,3,1626704064.09,0.01115259817163097
name-fatema-gateway-coap,4,1626704065.09,0.012519314172866003
name-fatema-gateway-coap,5,1626704066.09,0.011972104286589026
name-fatema-gateway-coap,6,1626704067.09,0.013352478376453755
name-fatema-gateway-coap,7,1626704068.09,0.012691272992780531
name-fatema-gateway-coap,8,1626704069.09,0.012649807434073592
name-fatema-gateway-coap,9,1626704070.09,0.013754444744294346
name-fatema-gateway-coap,10,1626704071.09,0.02431249620604182
name-fatema-gateway-coap,11,1626704072.09,0.03167215610566062
name-fatema-gateway-coap,12,1626704073.09,0.02906583526310976
name-fatema-gateway-coap,13,1626704074.09,0.020604409410379557
name-fatema-gateway-coap,14,1626704075.09,0.0123194045319171
name-fatema-gateway-coap,15,1626704076.09,0.012300852380631442
name-fatema-gateway-coap,16,1626704077.09,0.013554893362755224
name-fatema-gateway-coap,17,1626704078.09,0.010070744462246256
name-fatema-gateway-coap,18,1626704079.09,0.011622210731901055
name-fatema-gateway-coap,19,1626704080.09,0.009077731488434116
name-fatema-gateway-coap,20,1626704081.09,0.011622940055103474
name-fatema-gateway-coap,21,1626704082.09,0.010839734868913212
name-fatema-gateway-coap,22,1626704083.09,0.013409847974058432
name-fatema-gateway-coap,23,1626704084.09,0.01248955150815171
name-fatema-gateway-coap,24,1626704085.09,0.011656175875781103
name-fatema-gateway-coap,25,1626704086.09,0.011593352334543732
name-fatema-gateway-coap,26,1626704087.09,0.013421644835262732
name-fatema-gateway-coap,27,1626704088.09,0.013438693937021094
name-fatema-gateway-coap,28,1626704089.09,0.011013580899617468
name-fatema-gateway-coap,29,1626704090.09,0.01094344422076455
name-fatema-gateway-coap,30,1626704091.09,0.012577583301862615
