metric,num,timestamp,value
type-cloud,0,1626706466.877,1
type-cloud,1,1626706467.877,1
type-cloud,2,1626706468.877,1
type-cloud,3,1626706469.877,1
type-cloud,4,1626706470.877,1
type-cloud,5,1626706471.877,1
type-cloud,6,1626706472.877,1
type-cloud,7,1626706473.877,1
type-cloud,8,1626706474.877,1
type-cloud,9,1626706475.877,1
type-cloud,10,1626706476.877,1
type-cloud,11,1626706477.877,1
type-cloud,12,1626706478.877,1
type-cloud,13,1626706479.877,1
type-cloud,14,1626706480.877,1
type-cloud,15,1626706481.877,1
type-cloud,16,1626706482.877,1
type-cloud,17,1626706483.877,1
type-cloud,18,1626706484.877,1
type-cloud,19,1626706485.877,1
type-cloud,20,1626706486.877,1
type-cloud,21,1626706487.877,1
type-cloud,22,1626706488.877,1
type-cloud,23,1626706489.877,1
type-cloud,24,1626706490.877,1
type-cloud,25,1626706491.877,1
type-cloud,26,1626706492.877,1
type-cloud,27,1626706493.877,1
type-cloud,28,1626706494.877,1
type-cloud,29,1626706495.877,1
type-cloud,30,1626706496.877,1
type-device-error-activation,0,1626706466.877,1
type-device-error-activation,1,1626706467.877,1
type-device-error-activation,2,1626706468.877,1
type-device-error-activation,3,1626706469.877,1
type-device-error-activation,4,1626706470.877,1
type-device-error-activation,5,1626706471.877,1
type-device-error-activation,6,1626706472.877,1
type-device-error-activation,7,1626706473.877,1
type-device-error-activation,8,1626706474.877,1
type-device-error-activation,9,1626706475.877,1
type-device-error-activation,10,1626706476.877,1
type-device-error-activation,11,1626706477.877,1
type-device-error-activation,12,1626706478.877,1
type-device-error-activation,13,1626706479.877,1
type-device-error-activation,14,1626706480.877,1
type-device-error-activation,15,1626706481.877,1
type-device-error-activation,16,1626706482.877,1
type-device-error-activation,17,1626706483.877,1
type-device-error-activation,18,1626706484.877,1
type-device-error-activation,19,1626706485.877,1
type-device-error-activation,20,1626706486.877,1
type-device-error-activation,21,1626706487.877,1
type-device-error-activation,22,1626706488.877,1
type-device-error-activation,23,1626706489.877,1
type-device-error-activation,24,1626706490.877,1
type-device-error-activation,25,1626706491.877,1
type-device-error-activation,26,1626706492.877,1
type-device-error-activation,27,1626706493.877,1
type-device-error-activation,28,1626706494.877,1
type-device-error-activation,29,1626706495.877,1
type-device-error-activation,30,1626706496.877,1
type-device-error-resolution,0,1626706466.877,1
type-device-error-resolution,1,1626706467.877,1
type-device-error-resolution,2,1626706468.877,1
type-device-error-resolution,3,1626706469.877,1
type-device-error-resolution,4,1626706470.877,1
type-device-error-resolution,5,1626706471.877,1
type-device-error-resolution,6,1626706472.877,1
type-device-error-resolution,7,1626706473.877,1
type-device-error-resolution,8,1626706474.877,1
type-device-error-resolution,9,1626706475.877,1
type-device-error-resolution,10,1626706476.877,1
type-device-error-resolution,11,1626706477.877,1
type-device-error-resolution,12,1626706478.877,1
type-device-error-resolution,13,1626706479.877,1
type-device-error-resolution,14,1626706480.877,1
type-device-error-resolution,15,1626706481.877,1
type-device-error-resolution,16,1626706482.877,1
type-device-error-resolution,17,1626706483.877,1
type-device-error-resolution,18,1626706484.877,1
type-device-error-resolution,19,1626706485.877,1
type-device-error-resolution,20,1626706486.877,1
type-device-error-resolution,21,1626706487.877,1
type-device-error-resolution,22,1626706488.877,1
type-device-error-resolution,23,1626706489.877,1
type-device-error-resolution,24,1626706490.877,1
type-device-error-resolution,25,1626706491.877,1
type-device-error-resolution,26,1626706492.877,1
type-device-error-resolution,27,1626706493.877,1
type-device-error-resolution,28,1626706494.877,1
type-device-error-resolution,29,1626706495.877,1
type-device-error-resolution,30,1626706496.877,1
