order,metrics,1,2
1,Error Activated,1626706472079.0,1626706482066.0
2, Error Resolved,1626706477102.0,1626706492081.0
3,Error Detected FaTEMa,1626706472100.0,1626706482308.0
4,Error Resolved FaTEMa,1626706477205.0,1626706492204.0
5,Error Detection,21.0,242.0
6,Error Resolution,103.0,123.0
7,Total Req,1179.0,1179.0
8,Total Sucess,876.0,876.0
9,Total Error,2.0,2.0
10,Total Handled,301.0,301.0
11,% Sucess,74.30025445292621,74.30025445292621
12,% Error,0.16963528413910092,0.16963528413910092
13,%Handled,25.53011026293469,25.53011026293469
14,Total Success Cloud,882.0,882.0
15,Total Error Cloud,2.0,2.0
16,Total Handled Cloud,301.0,301.0
17,Total Detected Cloud,2.0,2.0
18,FaTEMa Time,24.0,24.0
19,Injected,303.0,303.0
20,Real Injected,298.0,298.0
