metric,num,timestamp,value
type-cloud,0,1626706946.338,1
type-cloud,1,1626706947.338,1
type-cloud,2,1626706948.338,1
type-cloud,3,1626706949.338,1
type-cloud,4,1626706950.338,1
type-cloud,5,1626706951.338,1
type-cloud,6,1626706952.338,1
type-cloud,7,1626706953.338,1
type-cloud,8,1626706954.338,1
type-cloud,9,1626706955.338,1
type-cloud,10,1626706956.338,1
type-cloud,11,1626706957.338,1
type-cloud,12,1626706958.338,1
type-cloud,13,1626706959.338,1
type-cloud,14,1626706960.338,1
type-cloud,15,1626706961.338,1
type-cloud,16,1626706962.338,1
type-cloud,17,1626706963.338,1
type-cloud,18,1626706964.338,1
type-cloud,19,1626706965.338,1
type-cloud,20,1626706966.338,1
type-cloud,21,1626706967.338,1
type-cloud,22,1626706968.338,1
type-cloud,23,1626706969.338,1
type-cloud,24,1626706970.338,1
type-cloud,25,1626706971.338,1
type-cloud,26,1626706972.338,1
type-cloud,27,1626706973.338,1
type-cloud,28,1626706974.338,1
type-cloud,29,1626706975.338,1
type-cloud,30,1626706976.338,1
type-device-error-activation,0,1626706946.338,1
type-device-error-activation,1,1626706947.338,1
type-device-error-activation,2,1626706948.338,1
type-device-error-activation,3,1626706949.338,1
type-device-error-activation,4,1626706950.338,1
type-device-error-activation,5,1626706951.338,1
type-device-error-activation,6,1626706952.338,1
type-device-error-activation,7,1626706953.338,1
type-device-error-activation,8,1626706954.338,1
type-device-error-activation,9,1626706955.338,1
type-device-error-activation,10,1626706956.338,1
type-device-error-activation,11,1626706957.338,1
type-device-error-activation,12,1626706958.338,1
type-device-error-activation,13,1626706959.338,1
type-device-error-activation,14,1626706960.338,1
type-device-error-activation,15,1626706961.338,1
type-device-error-activation,16,1626706962.338,1
type-device-error-activation,17,1626706963.338,1
type-device-error-activation,18,1626706964.338,1
type-device-error-activation,19,1626706965.338,1
type-device-error-activation,20,1626706966.338,1
type-device-error-activation,21,1626706967.338,1
type-device-error-activation,22,1626706968.338,1
type-device-error-activation,23,1626706969.338,1
type-device-error-activation,24,1626706970.338,1
type-device-error-activation,25,1626706971.338,1
type-device-error-activation,26,1626706972.338,1
type-device-error-activation,27,1626706973.338,1
type-device-error-activation,28,1626706974.338,1
type-device-error-activation,29,1626706975.338,1
type-device-error-activation,30,1626706976.338,1
type-device-error-resolution,0,1626706946.338,1
type-device-error-resolution,1,1626706947.338,1
type-device-error-resolution,2,1626706948.338,1
type-device-error-resolution,3,1626706949.338,1
type-device-error-resolution,4,1626706950.338,1
type-device-error-resolution,5,1626706951.338,1
type-device-error-resolution,6,1626706952.338,1
type-device-error-resolution,7,1626706953.338,1
type-device-error-resolution,8,1626706954.338,1
type-device-error-resolution,9,1626706955.338,1
type-device-error-resolution,10,1626706956.338,1
type-device-error-resolution,11,1626706957.338,1
type-device-error-resolution,12,1626706958.338,1
type-device-error-resolution,13,1626706959.338,1
type-device-error-resolution,14,1626706960.338,1
type-device-error-resolution,15,1626706961.338,1
type-device-error-resolution,16,1626706962.338,1
type-device-error-resolution,17,1626706963.338,1
type-device-error-resolution,18,1626706964.338,1
type-device-error-resolution,19,1626706965.338,1
type-device-error-resolution,20,1626706966.338,1
type-device-error-resolution,21,1626706967.338,1
type-device-error-resolution,22,1626706968.338,1
type-device-error-resolution,23,1626706969.338,1
type-device-error-resolution,24,1626706970.338,1
type-device-error-resolution,25,1626706971.338,1
type-device-error-resolution,26,1626706972.338,1
type-device-error-resolution,27,1626706973.338,1
type-device-error-resolution,28,1626706974.338,1
type-device-error-resolution,29,1626706975.338,1
type-device-error-resolution,30,1626706976.338,1
