metric,num,timestamp,value
name-fatema-cloud,0,1626706946.338,0.009292268803844688
name-fatema-cloud,1,1626706947.338,0.010904904592696343
name-fatema-cloud,2,1626706948.338,0.019281402466681655
name-fatema-cloud,3,1626706949.338,0.018486399856958234
name-fatema-cloud,4,1626706950.338,0.018471953440987583
name-fatema-cloud,5,1626706951.338,0.008437376249049982
name-fatema-cloud,6,1626706952.338,0.01092844335634544
name-fatema-cloud,7,1626706953.338,0.010942889772316092
name-fatema-cloud,8,1626706954.338,0.011806092049586535
name-fatema-cloud,9,1626706955.338,0.008460324087590222
name-fatema-cloud,10,1626706956.338,0.00812193205231639
name-fatema-cloud,11,1626706957.338,0.01091387139572608
name-fatema-cloud,12,1626706958.338,0.012588913271772983
name-fatema-cloud,13,1626706959.338,0.010772513415391037
name-fatema-cloud,14,1626706960.338,0.01091789494528447
name-fatema-cloud,15,1626706961.338,0.010893522088814594
name-fatema-cloud,16,1626706962.338,0.013376938340887563
name-fatema-cloud,17,1626706963.338,0.010036053833432286
name-fatema-cloud,18,1626706964.338,0.010897947627925612
name-fatema-cloud,19,1626706965.338,0.012678977913341188
name-fatema-cloud,20,1626706966.338,0.013464994127320423
name-fatema-cloud,21,1626706967.338,0.012122561733209216
name-fatema-cloud,22,1626706968.338,0.009010601052605073
name-fatema-cloud,23,1626706969.338,0.009114036403640363
name-fatema-cloud,24,1626706970.338,0.012974527441976072
name-fatema-cloud,25,1626706971.338,0.014413581254033516
name-fatema-cloud,26,1626706972.338,0.015134617091048734
name-fatema-cloud,27,1626706973.338,0.015099476898563871
name-fatema-cloud,28,1626706974.338,0.011770415767995202
name-fatema-cloud,29,1626706975.338,0.010911043583592926
name-fatema-cloud,30,1626706976.338,0.008435034522323762
name-fatema-device-coap,0,1626706946.338,0.011877081011355954
name-fatema-device-coap,1,1626706947.338,0.013567995578304858
name-fatema-device-coap,2,1626706948.338,0.014366140453429693
name-fatema-device-coap,3,1626706949.338,0.015229387001955428
name-fatema-device-coap,4,1626706950.338,0.015272555528187282
name-fatema-device-coap,5,1626706951.338,0.013649317729295002
name-fatema-device-coap,6,1626706952.338,0.015344022488720573
name-fatema-device-coap,7,1626706953.338,0.02362188478351954
name-fatema-device-coap,8,1626706954.338,0.025308354689166597
name-fatema-device-coap,9,1626706955.338,0.024464477775702057
name-fatema-device-coap,10,1626706956.338,0.014408918354470994
name-fatema-device-coap,11,1626706957.338,0.02034111159255754
name-fatema-device-coap,12,1626706958.338,0.019417248289789402
name-fatema-device-coap,13,1626706959.338,0.023716550439219154
name-fatema-device-coap,14,1626706960.338,0.021131374917338415
name-fatema-device-coap,15,1626706961.338,0.020281164268132788
name-fatema-device-coap,16,1626706962.338,0.0193910837641547
name-fatema-device-coap,17,1626706963.338,0.014314294815787047
name-fatema-device-coap,18,1626706964.338,0.013536772107180347
name-fatema-device-coap,19,1626706965.338,0.01016549589326454
name-fatema-device-coap,20,1626706966.338,0.011840408939756292
name-fatema-device-coap,21,1626706967.338,0.011823635039053822
name-fatema-device-coap,22,1626706968.338,0.011871609120174997
name-fatema-device-coap,23,1626706969.338,0.011107825366700522
name-fatema-device-coap,24,1626706970.338,0.01630558257798866
name-fatema-device-coap,25,1626706971.338,0.017125390836731043
name-fatema-device-coap,26,1626706972.338,0.017687154388185314
name-fatema-device-coap,27,1626706973.338,0.013661699691806467
name-fatema-device-coap,28,1626706974.338,0.013623497153603928
name-fatema-device-coap,29,1626706975.338,0.015459020352866806
name-fatema-device-coap,30,1626706976.338,0.017696741722119328
name-fatema-gateway-coap,0,1626706946.338,0.01845745012653007
name-fatema-gateway-coap,1,1626706947.338,0.02022804248386474
name-fatema-gateway-coap,2,1626706948.338,0.012630707245915265
name-fatema-gateway-coap,3,1626706949.338,0.012656346970047453
name-fatema-gateway-coap,4,1626706950.338,0.010161532972800046
name-fatema-gateway-coap,5,1626706951.338,0.011836488962476849
name-fatema-gateway-coap,6,1626706952.338,0.01425732716760414
name-fatema-gateway-coap,7,1626706953.338,0.015077842604347929
name-fatema-gateway-coap,8,1626706954.338,0.01506976415801411
name-fatema-gateway-coap,9,1626706955.338,0.014321004114602283
name-fatema-gateway-coap,10,1626706956.338,0.015073644494185658
name-fatema-gateway-coap,11,1626706957.338,0.01844026650006806
name-fatema-gateway-coap,12,1626706958.338,0.017584299455971245
name-fatema-gateway-coap,13,1626706959.338,0.016775925079945183
name-fatema-gateway-coap,14,1626706960.338,0.012580204154145288
name-fatema-gateway-coap,15,1626706961.338,0.010876055514825745
name-fatema-gateway-coap,16,1626706962.338,0.014264717959813265
name-fatema-gateway-coap,17,1626706963.338,0.016761937740867632
name-fatema-gateway-coap,18,1626706964.338,0.016821525975330445
name-fatema-gateway-coap,19,1626706965.338,0.011804569886323443
name-fatema-gateway-coap,20,1626706966.338,0.010123504849995248
name-fatema-gateway-coap,21,1626706967.338,0.010080418265697454
name-fatema-gateway-coap,22,1626706968.338,0.01174306523453645
name-fatema-gateway-coap,23,1626706969.338,0.010129007995479212
name-fatema-gateway-coap,24,1626706970.338,0.010958069126047878
name-fatema-gateway-coap,25,1626706971.338,0.01006575192602311
name-fatema-gateway-coap,26,1626706972.338,0.013421941432439261
name-fatema-gateway-coap,27,1626706973.338,0.0109351518142452
name-fatema-gateway-coap,28,1626706974.338,0.011822684004800469
name-fatema-gateway-coap,29,1626706975.338,0.010140117839429702
name-fatema-gateway-coap,30,1626706976.338,0.013489809106307114
