order,metrics,1,2
1,Error Activated,1626706951546.0,1626706961543.0
2, Error Resolved,1626706956560.0,1626706971554.0
3,Error Detected FaTEMa,1626706951808.0,1626706961708.0
4,Error Resolved FaTEMa,1626706956581.0,1626706971587.0
5,Error Detection,262.0,165.0
6,Error Resolution,21.0,33.0
7,Total Req,1195.0,1195.0
8,Total Sucess,907.0,907.0
9,Total Error,2.0,2.0
10,Total Handled,286.0,286.0
11,% Sucess,75.89958158995816,75.89958158995816
12,% Error,0.16736401673640167,0.16736401673640167
13,%Handled,23.93305439330544,23.93305439330544
14,Total Success Cloud,913.0,913.0
15,Total Error Cloud,2.0,2.0
16,Total Handled Cloud,286.0,286.0
17,Total Detected Cloud,1.0,1.0
18,FaTEMa Time,35.5,35.5
19,Injected,288.0,288.0
20,Real Injected,286.0,286.0
