metric,num,timestamp,value
name-fatema-cloud,0,1626707170.029,0.011637815232110106
name-fatema-cloud,1,1626707171.029,0.011942600266389101
name-fatema-cloud,2,1626707172.029,0.011701508725047625
name-fatema-cloud,3,1626707173.029,0.01147703837534694
name-fatema-cloud,4,1626707174.029,0.010100492088683053
name-fatema-cloud,5,1626707175.029,0.009099723336468392
name-fatema-cloud,6,1626707176.029,0.01185372623632404
name-fatema-cloud,7,1626707177.029,0.01350238440191888
name-fatema-cloud,8,1626707178.029,0.01303174034324747
name-fatema-cloud,9,1626707179.029,0.009269334773536454
name-fatema-cloud,10,1626707180.029,0.0067268600591980695
name-fatema-cloud,11,1626707181.029,0.008346806349158707
name-fatema-cloud,12,1626707182.029,0.010998628211506885
name-fatema-cloud,13,1626707183.029,0.012137994010717355
name-fatema-cloud,14,1626707184.029,0.013316877823963052
name-fatema-cloud,15,1626707185.029,0.012685634940755345
name-fatema-cloud,16,1626707186.029,0.014419564678906824
name-fatema-cloud,17,1626707187.029,0.01224934574846071
name-fatema-cloud,18,1626707188.029,0.011794260071580402
name-fatema-cloud,19,1626707189.029,0.010094939130598696
name-fatema-cloud,20,1626707190.029,0.010153067798437504
name-fatema-cloud,21,1626707191.029,0.009101683990413351
name-fatema-cloud,22,1626707192.029,0.009263960288837251
name-fatema-cloud,23,1626707193.029,0.00926551887393618
name-fatema-cloud,24,1626707194.029,0.01084674622538963
name-fatema-cloud,25,1626707195.029,0.011001304898490048
name-fatema-cloud,26,1626707196.029,0.010995693508515349
name-fatema-cloud,27,1626707197.029,0.010142205011000794
name-fatema-cloud,28,1626707198.029,0.010150022143123627
name-fatema-cloud,29,1626707199.029,0.010920267044897701
name-fatema-cloud,30,1626707200.029,0.010975006753972748
name-fatema-device-coap,0,1626707170.029,0.012898125044273647
name-fatema-device-coap,1,1626707171.029,0.013814836223403872
name-fatema-device-coap,2,1626707172.029,0.013757250128263614
name-fatema-device-coap,3,1626707173.029,0.01189971527288671
name-fatema-device-coap,4,1626707174.029,0.012758961634426181
name-fatema-device-coap,5,1626707175.029,0.014433918979486619
name-fatema-device-coap,6,1626707176.029,0.022917857081429568
name-fatema-device-coap,7,1626707177.029,0.021177802683701407
name-fatema-device-coap,8,1626707178.029,0.022036555015207786
name-fatema-device-coap,9,1626707179.029,0.017079260956952568
name-fatema-device-coap,10,1626707180.029,0.020568639164375888
name-fatema-device-coap,11,1626707181.029,0.02069597359420488
name-fatema-device-coap,12,1626707182.029,0.017285113240774228
name-fatema-device-coap,13,1626707183.029,0.014596818737758912
name-fatema-device-coap,14,1626707184.029,0.014717412282618698
name-fatema-device-coap,15,1626707185.029,0.014631371257696965
name-fatema-device-coap,16,1626707186.029,0.025002288958665856
name-fatema-device-coap,17,1626707187.029,0.023141178613246837
name-fatema-device-coap,18,1626707188.029,0.02236815876361707
name-fatema-device-coap,19,1626707189.029,0.012023622315514952
name-fatema-device-coap,20,1626707190.029,0.011103974000194663
name-fatema-device-coap,21,1626707191.029,0.010240551708200943
name-fatema-device-coap,22,1626707192.029,0.01362861452470524
name-fatema-device-coap,23,1626707193.029,0.015363305635450604
name-fatema-device-coap,24,1626707194.029,0.0162091494864758
name-fatema-device-coap,25,1626707195.029,0.012764488273036974
name-fatema-device-coap,26,1626707196.029,0.013708418233474328
name-fatema-device-coap,27,1626707197.029,0.012836407317953623
name-fatema-device-coap,28,1626707198.029,0.0129158808936678
name-fatema-device-coap,29,1626707199.029,0.011104298710195944
name-fatema-device-coap,30,1626707200.029,0.012853359163480474
name-fatema-gateway-coap,0,1626707170.029,0.010008359686739503
name-fatema-gateway-coap,1,1626707171.029,0.009168491815560046
name-fatema-gateway-coap,2,1626707172.029,0.009348215579117188
name-fatema-gateway-coap,3,1626707173.029,0.009327067970905519
name-fatema-gateway-coap,4,1626707174.029,0.010060227751572023
name-fatema-gateway-coap,5,1626707175.029,0.008273444682927707
name-fatema-gateway-coap,6,1626707176.029,0.012271814080301625
name-fatema-gateway-coap,7,1626707177.029,0.011886022124135448
name-fatema-gateway-coap,8,1626707178.029,0.013413748877460049
name-fatema-gateway-coap,9,1626707179.029,0.008407206300281213
name-fatema-gateway-coap,10,1626707180.029,0.00911660441138187
name-fatema-gateway-coap,11,1626707181.029,0.01338412778520411
name-fatema-gateway-coap,12,1626707182.029,0.01513518219361319
name-fatema-gateway-coap,13,1626707183.029,0.014466168166837275
name-fatema-gateway-coap,14,1626707184.029,0.01106433872635758
name-fatema-gateway-coap,15,1626707185.029,0.011864690910778897
name-fatema-gateway-coap,16,1626707186.029,0.01434585545668417
name-fatema-gateway-coap,17,1626707187.029,0.014312518789684139
name-fatema-gateway-coap,18,1626707188.029,0.01307127537277119
name-fatema-gateway-coap,19,1626707189.029,0.0101808985447068
name-fatema-gateway-coap,20,1626707190.029,0.008743978554958415
name-fatema-gateway-coap,21,1626707191.029,0.008306721621059329
name-fatema-gateway-coap,22,1626707192.029,0.009351378201075617
name-fatema-gateway-coap,23,1626707193.029,0.01094399911128569
name-fatema-gateway-coap,24,1626707194.029,0.01124600648071264
name-fatema-gateway-coap,25,1626707195.029,0.011007640521673197
name-fatema-gateway-coap,26,1626707196.029,0.012865747478943252
name-fatema-gateway-coap,27,1626707197.029,0.013410468581886605
name-fatema-gateway-coap,28,1626707198.029,0.013109484256395985
name-fatema-gateway-coap,29,1626707199.029,0.015251549640577977
name-fatema-gateway-coap,30,1626707200.029,0.013422133039244853
