metric,num,timestamp,value
type-cloud,0,1626707413.219,1
type-cloud,1,1626707414.219,1
type-cloud,2,1626707415.219,1
type-cloud,3,1626707416.219,1
type-cloud,4,1626707417.219,1
type-cloud,5,1626707418.219,1
type-cloud,6,1626707419.219,1
type-cloud,7,1626707420.219,1
type-cloud,8,1626707421.219,1
type-cloud,9,1626707422.219,1
type-cloud,10,1626707423.219,1
type-cloud,11,1626707424.219,1
type-cloud,12,1626707425.219,1
type-cloud,13,1626707426.219,1
type-cloud,14,1626707427.219,1
type-cloud,15,1626707428.219,1
type-cloud,16,1626707429.219,1
type-cloud,17,1626707430.219,1
type-cloud,18,1626707431.219,1
type-cloud,19,1626707432.219,1
type-cloud,20,1626707433.219,1
type-cloud,21,1626707434.219,1
type-cloud,22,1626707435.219,1
type-cloud,23,1626707436.219,1
type-cloud,24,1626707437.219,1
type-cloud,25,1626707438.219,1
type-cloud,26,1626707439.219,1
type-cloud,27,1626707440.219,1
type-cloud,28,1626707441.219,1
type-cloud,29,1626707442.219,1
type-cloud,30,1626707443.219,1
type-device-error-activation,0,1626707413.219,1
type-device-error-activation,1,1626707414.219,1
type-device-error-activation,2,1626707415.219,1
type-device-error-activation,3,1626707416.219,1
type-device-error-activation,4,1626707417.219,1
type-device-error-activation,5,1626707418.219,1
type-device-error-activation,6,1626707419.219,1
type-device-error-activation,7,1626707420.219,1
type-device-error-activation,8,1626707421.219,1
type-device-error-activation,9,1626707422.219,1
type-device-error-activation,10,1626707423.219,1
type-device-error-activation,11,1626707424.219,1
type-device-error-activation,12,1626707425.219,1
type-device-error-activation,13,1626707426.219,1
type-device-error-activation,14,1626707427.219,1
type-device-error-activation,15,1626707428.219,1
type-device-error-activation,16,1626707429.219,1
type-device-error-activation,17,1626707430.219,1
type-device-error-activation,18,1626707431.219,1
type-device-error-activation,19,1626707432.219,1
type-device-error-activation,20,1626707433.219,1
type-device-error-activation,21,1626707434.219,1
type-device-error-activation,22,1626707435.219,1
type-device-error-activation,23,1626707436.219,1
type-device-error-activation,24,1626707437.219,1
type-device-error-activation,25,1626707438.219,1
type-device-error-activation,26,1626707439.219,1
type-device-error-activation,27,1626707440.219,1
type-device-error-activation,28,1626707441.219,1
type-device-error-activation,29,1626707442.219,1
type-device-error-activation,30,1626707443.219,1
type-device-error-resolution,0,1626707413.219,1
type-device-error-resolution,1,1626707414.219,1
type-device-error-resolution,2,1626707415.219,1
type-device-error-resolution,3,1626707416.219,1
type-device-error-resolution,4,1626707417.219,1
type-device-error-resolution,5,1626707418.219,1
type-device-error-resolution,6,1626707419.219,1
type-device-error-resolution,7,1626707420.219,1
type-device-error-resolution,8,1626707421.219,1
type-device-error-resolution,9,1626707422.219,1
type-device-error-resolution,10,1626707423.219,1
type-device-error-resolution,11,1626707424.219,1
type-device-error-resolution,12,1626707425.219,1
type-device-error-resolution,13,1626707426.219,1
type-device-error-resolution,14,1626707427.219,1
type-device-error-resolution,15,1626707428.219,1
type-device-error-resolution,16,1626707429.219,1
type-device-error-resolution,17,1626707430.219,1
type-device-error-resolution,18,1626707431.219,1
type-device-error-resolution,19,1626707432.219,1
type-device-error-resolution,20,1626707433.219,1
type-device-error-resolution,21,1626707434.219,1
type-device-error-resolution,22,1626707435.219,1
type-device-error-resolution,23,1626707436.219,1
type-device-error-resolution,24,1626707437.219,1
type-device-error-resolution,25,1626707438.219,1
type-device-error-resolution,26,1626707439.219,1
type-device-error-resolution,27,1626707440.219,1
type-device-error-resolution,28,1626707441.219,1
type-device-error-resolution,29,1626707442.219,1
type-device-error-resolution,30,1626707443.219,1
