metric,num,timestamp,value
name-fatema-cloud,0,1626707413.219,0.02078390268644957
name-fatema-cloud,1,1626707414.219,0.013532580544908319
name-fatema-cloud,2,1626707415.219,0.011840531892105063
name-fatema-cloud,3,1626707416.219,0.011756119861880224
name-fatema-cloud,4,1626707417.219,0.009213775948977937
name-fatema-cloud,5,1626707418.219,0.010026624677421107
name-fatema-cloud,6,1626707419.219,0.0099644263393607
name-fatema-cloud,7,1626707420.219,0.01079763148728666
name-fatema-cloud,8,1626707421.219,0.010001619051155196
name-fatema-cloud,9,1626707422.219,0.008417551360693467
name-fatema-cloud,10,1626707423.219,0.009213152058791727
name-fatema-cloud,11,1626707424.219,0.013383794190814365
name-fatema-cloud,12,1626707425.219,0.01424695352489976
name-fatema-cloud,13,1626707426.219,0.013469229184884041
name-fatema-cloud,14,1626707427.219,0.010948291161433456
name-fatema-cloud,15,1626707428.219,0.011820259147252059
name-fatema-cloud,16,1626707429.219,0.013590018597423878
name-fatema-cloud,17,1626707430.219,0.011958189571457683
name-fatema-cloud,18,1626707431.219,0.011027081089398368
name-fatema-cloud,19,1626707432.219,0.008376961660039694
name-fatema-cloud,20,1626707433.219,0.010034171396665792
name-fatema-cloud,21,1626707434.219,0.010076476876071484
name-fatema-cloud,22,1626707435.219,0.011785200216351622
name-fatema-cloud,23,1626707436.219,0.010140553925124791
name-fatema-cloud,24,1626707437.219,0.010148799647656227
name-fatema-cloud,25,1626707438.219,0.009320000146925644
name-fatema-cloud,26,1626707439.219,0.010926176353752481
name-fatema-cloud,27,1626707440.219,0.010876171353252433
name-fatema-cloud,28,1626707441.219,0.019135572915447915
name-fatema-cloud,29,1626707442.219,0.03244947272861067
name-fatema-cloud,30,1626707443.219,0.03248345179370714
name-fatema-device-coap,0,1626707413.219,0.01769716195242383
name-fatema-device-coap,1,1626707414.219,0.021025588431086067
name-fatema-device-coap,2,1626707415.219,0.01500497995998255
name-fatema-device-coap,3,1626707416.219,0.01500497995998255
name-fatema-device-coap,4,1626707417.219,0.011688230374576246
name-fatema-device-coap,5,1626707418.219,0.011729946052066162
name-fatema-device-coap,6,1626707419.219,0.015915617202418852
name-fatema-device-coap,7,1626707420.219,0.016830186142394014
name-fatema-device-coap,8,1626707421.219,0.026780775919431683
name-fatema-device-coap,9,1626707422.219,0.025945147484793343
name-fatema-device-coap,10,1626707423.219,0.0242099772217043
name-fatema-device-coap,11,1626707424.219,0.018441842025307884
name-fatema-device-coap,12,1626707425.219,0.030188159067456876
name-fatema-device-coap,13,1626707426.219,0.05382982103399194
name-fatema-device-coap,14,1626707427.219,0.05233388437462577
name-fatema-device-coap,15,1626707428.219,0.04149730574221519
name-fatema-device-coap,16,1626707429.219,0.020368206589750474
name-fatema-device-coap,17,1626707430.219,0.01768202968929416
name-fatema-device-coap,18,1626707431.219,0.01421474087280177
name-fatema-device-coap,19,1626707432.219,0.013326966153181253
name-fatema-device-coap,20,1626707433.219,0.01245994642846845
name-fatema-device-coap,21,1626707434.219,0.015116897800960025
name-fatema-device-coap,22,1626707435.219,0.015184841676427658
name-fatema-device-coap,23,1626707436.219,0.01697094246124476
name-fatema-device-coap,24,1626707437.219,0.018509959738403015
name-fatema-device-coap,25,1626707438.219,0.016779537432287744
name-fatema-device-coap,26,1626707439.219,0.0209707890624735
name-fatema-device-coap,27,1626707440.219,0.016815869169412623
name-fatema-device-coap,28,1626707441.219,0.01770385604118615
name-fatema-device-coap,29,1626707442.219,0.014302495496968461
name-fatema-device-coap,30,1626707443.219,0.014285327113463444
name-fatema-gateway-coap,0,1626707413.219,0.017115877318170006
name-fatema-gateway-coap,1,1626707414.219,0.010068979188350613
name-fatema-gateway-coap,2,1626707415.219,0.010140553895918331
name-fatema-gateway-coap,3,1626707416.219,0.010037695941130742
name-fatema-gateway-coap,4,1626707417.219,0.010038005163613193
name-fatema-gateway-coap,5,1626707418.219,0.009982953807776588
name-fatema-gateway-coap,6,1626707419.219,0.011555919355681522
name-fatema-gateway-coap,7,1626707420.219,0.009876606604940198
name-fatema-gateway-coap,8,1626707421.219,0.009950946442686601
name-fatema-gateway-coap,9,1626707422.219,0.008426527840730835
name-fatema-gateway-coap,10,1626707423.219,0.010114596569110738
name-fatema-gateway-coap,11,1626707424.219,0.011612865740895126
name-fatema-gateway-coap,12,1626707425.219,0.013365621155151516
name-fatema-gateway-coap,13,1626707426.219,0.013369340146478115
name-fatema-gateway-coap,14,1626707427.219,0.011862695765313491
name-fatema-gateway-coap,15,1626707428.219,0.010140862753501803
name-fatema-gateway-coap,16,1626707429.219,0.01190686867200131
name-fatema-gateway-coap,17,1626707430.219,0.011112391375090604
name-fatema-gateway-coap,18,1626707431.219,0.011023408523423915
name-fatema-gateway-coap,19,1626707432.219,0.009253302845339463
name-fatema-gateway-coap,20,1626707433.219,0.008322717206341621
name-fatema-gateway-coap,21,1626707434.219,0.008397784458284699
name-fatema-gateway-coap,22,1626707435.219,0.007560133376118802
name-fatema-gateway-coap,23,1626707436.219,0.008477894476806733
name-fatema-gateway-coap,24,1626707437.219,0.01017016119807998
name-fatema-gateway-coap,25,1626707438.219,0.010153112753615268
name-fatema-gateway-coap,26,1626707439.219,0.012635503339020929
name-fatema-gateway-coap,27,1626707440.219,0.010917641822164436
name-fatema-gateway-coap,28,1626707441.219,0.010893129014222286
name-fatema-gateway-coap,29,1626707442.219,0.007501957193948433
name-fatema-gateway-coap,30,1626707443.219,0.007514907206898446
