order,metrics,1,2
1,Error Activated,1626707418426.0,1626707428426.0
2, Error Resolved,1626707423438.0,1626707438440.0
3,Error Detected FaTEMa,1626707418590.0,1626707428506.0
4,Error Resolved FaTEMa,1626707423707.0,1626707438706.0
5,Error Detection,164.0,80.0
6,Error Resolution,269.0,266.0
7,Total Req,1190.0,1190.0
8,Total Sucess,890.0,890.0
9,Total Error,1.0,1.0
10,Total Handled,299.0,299.0
11,% Sucess,74.78991596638656,74.78991596638656
12,% Error,0.08403361344537816,0.08403361344537816
13,%Handled,25.126050420168067,25.126050420168067
14,Total Success Cloud,896.0,896.0
15,Total Error Cloud,1.0,1.0
16,Total Handled Cloud,299.0,299.0
17,Total Detected Cloud,1.0,1.0
18,FaTEMa Time,33.75,33.75
19,Injected,300.0,300.0
20,Real Injected,289.0,289.0
