metric,num,timestamp,value
type-cloud,0,1626707906.438,1
type-cloud,1,1626707907.438,1
type-cloud,2,1626707908.438,1
type-cloud,3,1626707909.438,1
type-cloud,4,1626707910.438,1
type-cloud,5,1626707911.438,1
type-cloud,6,1626707912.438,1
type-cloud,7,1626707913.438,1
type-cloud,8,1626707914.438,1
type-cloud,9,1626707915.438,1
type-cloud,10,1626707916.438,1
type-cloud,11,1626707917.438,1
type-cloud,12,1626707918.438,1
type-cloud,13,1626707919.438,1
type-cloud,14,1626707920.438,1
type-cloud,15,1626707921.438,1
type-cloud,16,1626707922.438,1
type-cloud,17,1626707923.438,1
type-cloud,18,1626707924.438,1
type-cloud,19,1626707925.438,1
type-cloud,20,1626707926.438,1
type-cloud,21,1626707927.438,1
type-cloud,22,1626707928.438,1
type-cloud,23,1626707929.438,1
type-cloud,24,1626707930.438,1
type-cloud,25,1626707931.438,1
type-cloud,26,1626707932.438,1
type-cloud,27,1626707933.438,1
type-cloud,28,1626707934.438,1
type-cloud,29,1626707935.438,1
type-cloud,30,1626707936.438,1
type-device-error-activation,0,1626707906.438,1
type-device-error-activation,1,1626707907.438,1
type-device-error-activation,2,1626707908.438,1
type-device-error-activation,3,1626707909.438,1
type-device-error-activation,4,1626707910.438,1
type-device-error-activation,5,1626707911.438,1
type-device-error-activation,6,1626707912.438,1
type-device-error-activation,7,1626707913.438,1
type-device-error-activation,8,1626707914.438,1
type-device-error-activation,9,1626707915.438,1
type-device-error-activation,10,1626707916.438,1
type-device-error-activation,11,1626707917.438,1
type-device-error-activation,12,1626707918.438,1
type-device-error-activation,13,1626707919.438,1
type-device-error-activation,14,1626707920.438,1
type-device-error-activation,15,1626707921.438,1
type-device-error-activation,16,1626707922.438,1
type-device-error-activation,17,1626707923.438,1
type-device-error-activation,18,1626707924.438,1
type-device-error-activation,19,1626707925.438,1
type-device-error-activation,20,1626707926.438,1
type-device-error-activation,21,1626707927.438,1
type-device-error-activation,22,1626707928.438,1
type-device-error-activation,23,1626707929.438,1
type-device-error-activation,24,1626707930.438,1
type-device-error-activation,25,1626707931.438,1
type-device-error-activation,26,1626707932.438,1
type-device-error-activation,27,1626707933.438,1
type-device-error-activation,28,1626707934.438,1
type-device-error-activation,29,1626707935.438,1
type-device-error-activation,30,1626707936.438,1
type-device-error-resolution,0,1626707906.438,1
type-device-error-resolution,1,1626707907.438,1
type-device-error-resolution,2,1626707908.438,1
type-device-error-resolution,3,1626707909.438,1
type-device-error-resolution,4,1626707910.438,1
type-device-error-resolution,5,1626707911.438,1
type-device-error-resolution,6,1626707912.438,1
type-device-error-resolution,7,1626707913.438,1
type-device-error-resolution,8,1626707914.438,1
type-device-error-resolution,9,1626707915.438,1
type-device-error-resolution,10,1626707916.438,1
type-device-error-resolution,11,1626707917.438,1
type-device-error-resolution,12,1626707918.438,1
type-device-error-resolution,13,1626707919.438,1
type-device-error-resolution,14,1626707920.438,1
type-device-error-resolution,15,1626707921.438,1
type-device-error-resolution,16,1626707922.438,1
type-device-error-resolution,17,1626707923.438,1
type-device-error-resolution,18,1626707924.438,1
type-device-error-resolution,19,1626707925.438,1
type-device-error-resolution,20,1626707926.438,1
type-device-error-resolution,21,1626707927.438,1
type-device-error-resolution,22,1626707928.438,1
type-device-error-resolution,23,1626707929.438,1
type-device-error-resolution,24,1626707930.438,1
type-device-error-resolution,25,1626707931.438,1
type-device-error-resolution,26,1626707932.438,1
type-device-error-resolution,27,1626707933.438,1
type-device-error-resolution,28,1626707934.438,1
type-device-error-resolution,29,1626707935.438,1
type-device-error-resolution,30,1626707936.438,1
