metric,num,timestamp,value
name-fatema-cloud,0,1626707906.438,0.05748387881368206
name-fatema-cloud,1,1626707907.438,0.05078013162947931
name-fatema-cloud,2,1626707908.438,0.03868415123354997
name-fatema-cloud,3,1626707909.438,0.020604927955041447
name-fatema-cloud,4,1626707910.438,0.010733482278200522
name-fatema-cloud,5,1626707911.438,0.013006095013368614
name-fatema-cloud,6,1626707912.438,0.013233956723065635
name-fatema-cloud,7,1626707913.438,0.013463784591955151
name-fatema-cloud,8,1626707914.438,0.01364520599351185
name-fatema-cloud,9,1626707915.438,0.01270357804248757
name-fatema-cloud,10,1626707916.438,0.013233118537474348
name-fatema-cloud,11,1626707917.438,0.012757732433318235
name-fatema-cloud,12,1626707918.438,0.01456930777924782
name-fatema-cloud,13,1626707919.438,0.013967839467111925
name-fatema-cloud,14,1626707920.438,0.010312500029576226
name-fatema-cloud,15,1626707921.438,0.008457184384612394
name-fatema-cloud,16,1626707922.438,0.010157079686288456
name-fatema-cloud,17,1626707923.438,0.010147733244050336
name-fatema-cloud,18,1626707924.438,0.011901957190554768
name-fatema-cloud,19,1626707925.438,0.010172799908403076
name-fatema-cloud,20,1626707926.438,0.010854666112531934
name-fatema-cloud,21,1626707927.438,0.009287518068157962
name-fatema-cloud,22,1626707928.438,0.010149587398377612
name-fatema-cloud,23,1626707929.438,0.011126288332524454
name-fatema-cloud,24,1626707930.438,0.011891140479334926
name-fatema-cloud,25,1626707931.438,0.010287461970894512
name-fatema-cloud,26,1626707932.438,0.010212377964925974
name-fatema-cloud,27,1626707933.438,0.010329496920975617
name-fatema-cloud,28,1626707934.438,0.011950142589240334
name-fatema-cloud,29,1626707935.438,0.011057155952961457
name-fatema-cloud,30,1626707936.438,0.010179590524610111
name-fatema-device-coap,0,1626707906.438,0.010954160516040208
name-fatema-device-coap,1,1626707907.438,0.011025616952059858
name-fatema-device-coap,2,1626707908.438,0.011827671026365732
name-fatema-device-coap,3,1626707909.438,0.01272987091820293
name-fatema-device-coap,4,1626707910.438,0.014932777748974698
name-fatema-device-coap,5,1626707911.438,0.015236964043377437
name-fatema-device-coap,6,1626707912.438,0.021836956547650596
name-fatema-device-coap,7,1626707913.438,0.021300372811773348
name-fatema-device-coap,8,1626707914.438,0.01927850074398211
name-fatema-device-coap,9,1626707915.438,0.01175955666645345
name-fatema-device-coap,10,1626707916.438,0.010093233571558925
name-fatema-device-coap,11,1626707917.438,0.024331089517957587
name-fatema-device-coap,12,1626707918.438,0.027765862358513797
name-fatema-device-coap,13,1626707919.438,0.02774151278399928
name-fatema-device-coap,14,1626707920.438,0.01520015080646077
name-fatema-device-coap,15,1626707921.438,0.0135083637174191
name-fatema-device-coap,16,1626707922.438,0.01354143472922648
name-fatema-device-coap,17,1626707923.438,0.012708399447562125
name-fatema-device-coap,18,1626707924.438,0.011007719175453281
name-fatema-device-coap,19,1626707925.438,0.011828234612197069
name-fatema-device-coap,20,1626707926.438,0.010153112069692797
name-fatema-device-coap,21,1626707927.438,0.016827641177818462
name-fatema-device-coap,22,1626707928.438,0.015943578979455548
name-fatema-device-coap,23,1626707929.438,0.01679031117419048
name-fatema-device-coap,24,1626707930.438,0.016164066058122234
name-fatema-device-coap,25,1626707931.438,0.015355906463760845
name-fatema-device-coap,26,1626707932.438,0.016995880000381287
name-fatema-device-coap,27,1626707933.438,0.013446619684887149
name-fatema-device-coap,28,1626707934.438,0.015151399045804342
name-fatema-device-coap,29,1626707935.438,0.013493449871994502
name-fatema-device-coap,30,1626707936.438,0.011793745923322376
name-fatema-gateway-coap,0,1626707906.438,0.04315247676158327
name-fatema-gateway-coap,1,1626707907.438,0.030807301067543275
name-fatema-gateway-coap,2,1626707908.438,0.017974554087211242
name-fatema-gateway-coap,3,1626707909.438,0.015120964608234765
name-fatema-gateway-coap,4,1626707910.438,0.011656766568401325
name-fatema-gateway-coap,5,1626707911.438,0.010280103630619096
name-fatema-gateway-coap,6,1626707912.438,0.011015945888200483
name-fatema-gateway-coap,7,1626707913.438,0.011179938279328349
name-fatema-gateway-coap,8,1626707914.438,0.01086041653123517
name-fatema-gateway-coap,9,1626707915.438,0.010999628841993287
name-fatema-gateway-coap,10,1626707916.438,0.011879159682101249
name-fatema-gateway-coap,11,1626707917.438,0.015285509699185998
name-fatema-gateway-coap,12,1626707918.438,0.01619352291386086
name-fatema-gateway-coap,13,1626707919.438,0.015398912118577232
name-fatema-gateway-coap,14,1626707920.438,0.012799424469474147
name-fatema-gateway-coap,15,1626707921.438,0.013529951808917804
name-fatema-gateway-coap,16,1626707922.438,0.01690536737137313
name-fatema-gateway-coap,17,1626707923.438,0.015262192748343874
name-fatema-gateway-coap,18,1626707924.438,0.012795738343129663
name-fatema-gateway-coap,19,1626707925.438,0.010249340283450915
name-fatema-gateway-coap,20,1626707926.438,0.011021294289231112
name-fatema-gateway-coap,21,1626707927.438,0.011855563828397558
name-fatema-gateway-coap,22,1626707928.438,0.01099624129598878
name-fatema-gateway-coap,23,1626707929.438,0.011082854807687795
name-fatema-gateway-coap,24,1626707930.438,0.011984923968685529
name-fatema-gateway-coap,25,1626707931.438,0.012883012008957879
name-fatema-gateway-coap,26,1626707932.438,0.015403010761534323
name-fatema-gateway-coap,27,1626707933.438,0.015398239107290056
name-fatema-gateway-coap,28,1626707934.438,0.015372697401282566
name-fatema-gateway-coap,29,1626707935.438,0.0119197904653123
name-fatema-gateway-coap,30,1626707936.438,0.01019267474855928
