order,metrics,1,2
1,Error Activated,1626707911667.0,1626707921659.0
2, Error Resolved,1626707916686.0,1626707931669.0
3,Error Detected FaTEMa,1626707911874.0,1626707921807.0
4,Error Resolved FaTEMa,1626707917105.0,1626707931976.0
5,Error Detection,207.0,148.0
6,Error Resolution,419.0,307.0
7,Total Req,1191.0,1191.0
8,Total Sucess,877.0,877.0
9,Total Error,5.0,5.0
10,Total Handled,309.0,309.0
11,% Sucess,73.63560033585223,73.63560033585223
12,% Error,0.41981528127623846,0.41981528127623846
13,%Handled,25.94458438287154,25.94458438287154
14,Total Success Cloud,883.0,883.0
15,Total Error Cloud,5.0,5.0
16,Total Handled Cloud,309.0,309.0
17,Total Detected Cloud,4.0,4.0
18,FaTEMa Time,34.333333333333336,34.333333333333336
19,Injected,314.0,314.0
20,Real Injected,294.0,294.0
