metric,num,timestamp,value
type-cloud,0,1626708157.158,1
type-cloud,1,1626708158.158,1
type-cloud,2,1626708159.158,1
type-cloud,3,1626708160.158,1
type-cloud,4,1626708161.158,1
type-cloud,5,1626708162.158,1
type-cloud,6,1626708163.158,1
type-cloud,7,1626708164.158,1
type-cloud,8,1626708165.158,1
type-cloud,9,1626708166.158,1
type-cloud,10,1626708167.158,1
type-cloud,11,1626708168.158,1
type-cloud,12,1626708169.158,1
type-cloud,13,1626708170.158,1
type-cloud,14,1626708171.158,1
type-cloud,15,1626708172.158,1
type-cloud,16,1626708173.158,1
type-cloud,17,1626708174.158,1
type-cloud,18,1626708175.158,1
type-cloud,19,1626708176.158,1
type-cloud,20,1626708177.158,1
type-cloud,21,1626708178.158,1
type-cloud,22,1626708179.158,1
type-cloud,23,1626708180.158,1
type-cloud,24,1626708181.158,1
type-cloud,25,1626708182.158,1
type-cloud,26,1626708183.158,1
type-cloud,27,1626708184.158,1
type-cloud,28,1626708185.158,1
type-cloud,29,1626708186.158,1
type-cloud,30,1626708187.158,1
type-device-error-activation,0,1626708157.158,1
type-device-error-activation,1,1626708158.158,1
type-device-error-activation,2,1626708159.158,1
type-device-error-activation,3,1626708160.158,1
type-device-error-activation,4,1626708161.158,1
type-device-error-activation,5,1626708162.158,1
type-device-error-activation,6,1626708163.158,1
type-device-error-activation,7,1626708164.158,1
type-device-error-activation,8,1626708165.158,1
type-device-error-activation,9,1626708166.158,1
type-device-error-activation,10,1626708167.158,1
type-device-error-activation,11,1626708168.158,1
type-device-error-activation,12,1626708169.158,1
type-device-error-activation,13,1626708170.158,1
type-device-error-activation,14,1626708171.158,1
type-device-error-activation,15,1626708172.158,1
type-device-error-activation,16,1626708173.158,1
type-device-error-activation,17,1626708174.158,1
type-device-error-activation,18,1626708175.158,1
type-device-error-activation,19,1626708176.158,1
type-device-error-activation,20,1626708177.158,1
type-device-error-activation,21,1626708178.158,1
type-device-error-activation,22,1626708179.158,1
type-device-error-activation,23,1626708180.158,1
type-device-error-activation,24,1626708181.158,1
type-device-error-activation,25,1626708182.158,1
type-device-error-activation,26,1626708183.158,1
type-device-error-activation,27,1626708184.158,1
type-device-error-activation,28,1626708185.158,1
type-device-error-activation,29,1626708186.158,1
type-device-error-activation,30,1626708187.158,1
type-device-error-resolution,0,1626708157.158,1
type-device-error-resolution,1,1626708158.158,1
type-device-error-resolution,2,1626708159.158,1
type-device-error-resolution,3,1626708160.158,1
type-device-error-resolution,4,1626708161.158,1
type-device-error-resolution,5,1626708162.158,1
type-device-error-resolution,6,1626708163.158,1
type-device-error-resolution,7,1626708164.158,1
type-device-error-resolution,8,1626708165.158,1
type-device-error-resolution,9,1626708166.158,1
type-device-error-resolution,10,1626708167.158,1
type-device-error-resolution,11,1626708168.158,1
type-device-error-resolution,12,1626708169.158,1
type-device-error-resolution,13,1626708170.158,1
type-device-error-resolution,14,1626708171.158,1
type-device-error-resolution,15,1626708172.158,1
type-device-error-resolution,16,1626708173.158,1
type-device-error-resolution,17,1626708174.158,1
type-device-error-resolution,18,1626708175.158,1
type-device-error-resolution,19,1626708176.158,1
type-device-error-resolution,20,1626708177.158,1
type-device-error-resolution,21,1626708178.158,1
type-device-error-resolution,22,1626708179.158,1
type-device-error-resolution,23,1626708180.158,1
type-device-error-resolution,24,1626708181.158,1
type-device-error-resolution,25,1626708182.158,1
type-device-error-resolution,26,1626708183.158,1
type-device-error-resolution,27,1626708184.158,1
type-device-error-resolution,28,1626708185.158,1
type-device-error-resolution,29,1626708186.158,1
type-device-error-resolution,30,1626708187.158,1
