metric,num,timestamp,value
name-fatema-cloud,0,1626708157.158,0.011646483183194958
name-fatema-cloud,1,1626708158.158,0.010780227434026186
name-fatema-cloud,2,1626708159.158,0.010005316609610413
name-fatema-cloud,3,1626708160.158,0.01166753928762634
name-fatema-cloud,4,1626708161.158,0.010858836496164929
name-fatema-cloud,5,1626708162.158,0.010008625846959305
name-fatema-cloud,6,1626708163.158,0.010025251262594697
name-fatema-cloud,7,1626708164.158,0.012635583952884742
name-fatema-cloud,8,1626708165.158,0.011785457901753666
name-fatema-cloud,9,1626708166.158,0.009211755899770913
name-fatema-cloud,10,1626708167.158,0.008280652690217884
name-fatema-cloud,11,1626708168.158,0.010807042556509227
name-fatema-cloud,12,1626708169.158,0.0117916538634148
name-fatema-cloud,13,1626708170.158,0.011004898212251825
name-fatema-cloud,14,1626708171.158,0.011820216888674049
name-fatema-cloud,15,1626708172.158,0.013468962241395837
name-fatema-cloud,16,1626708173.158,0.014226612379442439
name-fatema-cloud,17,1626708174.158,0.0118136897655148
name-fatema-cloud,18,1626708175.158,0.009237284689109724
name-fatema-cloud,19,1626708176.158,0.008441348742856281
name-fatema-cloud,20,1626708177.158,0.009991833129161562
name-fatema-cloud,21,1626708178.158,0.010846533983862417
name-fatema-cloud,22,1626708179.158,0.011735292071112968
name-fatema-cloud,23,1626708180.158,0.010132090132090132
name-fatema-cloud,24,1626708181.158,0.010111055977392612
name-fatema-cloud,25,1626708182.158,0.008376906895294448
name-fatema-cloud,26,1626708183.158,0.01173497343864018
name-fatema-cloud,27,1626708184.158,0.01266692025182691
name-fatema-cloud,28,1626708185.158,0.01184568687904513
name-fatema-cloud,29,1626708186.158,0.008461678010762096
name-fatema-cloud,30,1626708187.158,0.00757178664572778
name-fatema-device-coap,0,1626708157.158,0.01930420998230225
name-fatema-device-coap,1,1626708158.158,0.021008819529551394
name-fatema-device-coap,2,1626708159.158,0.017758255656867644
name-fatema-device-coap,3,1626708160.158,0.01266053128793225
name-fatema-device-coap,4,1626708161.158,0.010998831198815893
name-fatema-device-coap,5,1626708162.158,0.020965075278775766
name-fatema-device-coap,6,1626708163.158,0.021845807631589338
name-fatema-device-coap,7,1626708164.158,0.023495848882620615
name-fatema-device-coap,8,1626708165.158,0.01695228729554923
name-fatema-device-coap,9,1626708166.158,0.015225531254072378
name-fatema-device-coap,10,1626708167.158,0.014361471191032338
name-fatema-device-coap,11,1626708168.158,0.013546467774553046
name-fatema-device-coap,12,1626708169.158,0.013529376386903283
name-fatema-device-coap,13,1626708170.158,0.013585757951081563
name-fatema-device-coap,14,1626708171.158,0.010149190831431194
name-fatema-device-coap,15,1626708172.158,0.016832692514932877
name-fatema-device-coap,16,1626708173.158,0.04252067904975299
name-fatema-device-coap,17,1626708174.158,0.04479577351830099
name-fatema-device-coap,18,1626708175.158,0.040728174450701926
name-fatema-device-coap,19,1626708176.158,0.015060984497797685
name-fatema-device-coap,20,1626708177.158,0.01536281179138322
name-fatema-device-coap,21,1626708178.158,0.012755627956632981
name-fatema-device-coap,22,1626708179.158,0.012768844980159283
name-fatema-device-coap,23,1626708180.158,0.011055171094621728
name-fatema-device-coap,24,1626708181.158,0.011025472635129267
name-fatema-device-coap,25,1626708182.158,0.010106016334940142
name-fatema-device-coap,26,1626708183.158,0.015929987277651998
name-fatema-device-coap,27,1626708184.158,0.018532952519897554
name-fatema-device-coap,28,1626708185.158,0.02104606590405683
name-fatema-device-coap,29,1626708186.158,0.015222360616537624
name-fatema-device-coap,30,1626708187.158,0.013452601166365803
name-fatema-gateway-coap,0,1626708157.158,0.010792202985584809
name-fatema-gateway-coap,1,1626708158.158,0.010686499953915107
name-fatema-gateway-coap,2,1626708159.158,0.009163148358463574
name-fatema-gateway-coap,3,1626708160.158,0.010042810568175044
name-fatema-gateway-coap,4,1626708161.158,0.010034264874350163
name-fatema-gateway-coap,5,1626708162.158,0.010026055098148662
name-fatema-gateway-coap,6,1626708163.158,0.015129176331333859
name-fatema-gateway-coap,7,1626708164.158,0.019226392479216054
name-fatema-gateway-coap,8,1626708165.158,0.01660912630048303
name-fatema-gateway-coap,9,1626708166.158,0.012143046622370993
name-fatema-gateway-coap,10,1626708167.158,0.010638755060184333
name-fatema-gateway-coap,11,1626708168.158,0.013984756683227335
name-fatema-gateway-coap,12,1626708169.158,0.014277757641154456
name-fatema-gateway-coap,13,1626708170.158,0.014177886723587467
name-fatema-gateway-coap,14,1626708171.158,0.009454059811202668
name-fatema-gateway-coap,15,1626708172.158,0.010096295743819076
name-fatema-gateway-coap,16,1626708173.158,0.012613874187815321
name-fatema-gateway-coap,17,1626708174.158,0.013061302454795386
name-fatema-gateway-coap,18,1626708175.158,0.012583162413992578
name-fatema-gateway-coap,19,1626708176.158,0.010817013388014999
name-fatema-gateway-coap,20,1626708177.158,0.01085433428521687
name-fatema-gateway-coap,21,1626708178.158,0.010856270855662622
name-fatema-gateway-coap,22,1626708179.158,0.012678794737010033
name-fatema-gateway-coap,23,1626708180.158,0.01451170596976806
name-fatema-gateway-coap,24,1626708181.158,0.0222618676230436
name-fatema-gateway-coap,25,1626708182.158,0.027522404021843992
name-fatema-gateway-coap,26,1626708183.158,0.03201708784128321
name-fatema-gateway-coap,27,1626708184.158,0.02501037182944634
name-fatema-gateway-coap,28,1626708185.158,0.0170978764902547
name-fatema-gateway-coap,29,1626708186.158,0.013117155340051014
name-fatema-gateway-coap,30,1626708187.158,0.010952855617556082
