order,metrics,1,2
1,Error Activated,1626708162401.0,1626708172393.0
2, Error Resolved,1626708167415.0,1626708182402.0
3,Error Detected FaTEMa,1626708162613.0,1626708172509.0
4,Error Resolved FaTEMa,1626708167680.0,1626708182707.0
5,Error Detection,212.0,116.0
6,Error Resolution,265.0,305.0
7,Total Req,1130.0,1130.0
8,Total Sucess,828.0,828.0
9,Total Error,3.0,3.0
10,Total Handled,299.0,299.0
11,% Sucess,73.27433628318583,73.27433628318583
12,% Error,0.2654867256637168,0.2654867256637168
13,%Handled,26.46017699115044,26.46017699115044
14,Total Success Cloud,834.0,834.0
15,Total Error Cloud,3.0,3.0
16,Total Handled Cloud,299.0,299.0
17,Total Detected Cloud,5.0,5.0
18,FaTEMa Time,53.25,53.25
19,Injected,302.0,302.0
20,Real Injected,291.0,291.0
