metric,num,timestamp,value
type-cloud,0,1626708627.848,1
type-cloud,1,1626708628.848,1
type-cloud,2,1626708629.848,1
type-cloud,3,1626708630.848,1
type-cloud,4,1626708631.848,1
type-cloud,5,1626708632.848,1
type-cloud,6,1626708633.848,1
type-cloud,7,1626708634.848,1
type-cloud,8,1626708635.848,1
type-cloud,9,1626708636.848,1
type-cloud,10,1626708637.848,1
type-cloud,11,1626708638.848,1
type-cloud,12,1626708639.848,1
type-cloud,13,1626708640.848,1
type-cloud,14,1626708641.848,1
type-cloud,15,1626708642.848,1
type-cloud,16,1626708643.848,1
type-cloud,17,1626708644.848,1
type-cloud,18,1626708645.848,1
type-cloud,19,1626708646.848,1
type-cloud,20,1626708647.848,1
type-cloud,21,1626708648.848,1
type-cloud,22,1626708649.848,1
type-cloud,23,1626708650.848,1
type-cloud,24,1626708651.848,1
type-cloud,25,1626708652.848,1
type-cloud,26,1626708653.848,1
type-cloud,27,1626708654.848,1
type-cloud,28,1626708655.848,1
type-cloud,29,1626708656.848,1
type-cloud,30,1626708657.848,1
type-device-error-activation,0,1626708627.848,1
type-device-error-activation,1,1626708628.848,1
type-device-error-activation,2,1626708629.848,1
type-device-error-activation,3,1626708630.848,1
type-device-error-activation,4,1626708631.848,1
type-device-error-activation,5,1626708632.848,1
type-device-error-activation,6,1626708633.848,1
type-device-error-activation,7,1626708634.848,1
type-device-error-activation,8,1626708635.848,1
type-device-error-activation,9,1626708636.848,1
type-device-error-activation,10,1626708637.848,1
type-device-error-activation,11,1626708638.848,1
type-device-error-activation,12,1626708639.848,1
type-device-error-activation,13,1626708640.848,1
type-device-error-activation,14,1626708641.848,1
type-device-error-activation,15,1626708642.848,1
type-device-error-activation,16,1626708643.848,1
type-device-error-activation,17,1626708644.848,1
type-device-error-activation,18,1626708645.848,1
type-device-error-activation,19,1626708646.848,1
type-device-error-activation,20,1626708647.848,1
type-device-error-activation,21,1626708648.848,1
type-device-error-activation,22,1626708649.848,1
type-device-error-activation,23,1626708650.848,1
type-device-error-activation,24,1626708651.848,1
type-device-error-activation,25,1626708652.848,1
type-device-error-activation,26,1626708653.848,1
type-device-error-activation,27,1626708654.848,1
type-device-error-activation,28,1626708655.848,1
type-device-error-activation,29,1626708656.848,1
type-device-error-activation,30,1626708657.848,1
type-device-error-resolution,0,1626708627.848,1
type-device-error-resolution,1,1626708628.848,1
type-device-error-resolution,2,1626708629.848,1
type-device-error-resolution,3,1626708630.848,1
type-device-error-resolution,4,1626708631.848,1
type-device-error-resolution,5,1626708632.848,1
type-device-error-resolution,6,1626708633.848,1
type-device-error-resolution,7,1626708634.848,1
type-device-error-resolution,8,1626708635.848,1
type-device-error-resolution,9,1626708636.848,1
type-device-error-resolution,10,1626708637.848,1
type-device-error-resolution,11,1626708638.848,1
type-device-error-resolution,12,1626708639.848,1
type-device-error-resolution,13,1626708640.848,1
type-device-error-resolution,14,1626708641.848,1
type-device-error-resolution,15,1626708642.848,1
type-device-error-resolution,16,1626708643.848,1
type-device-error-resolution,17,1626708644.848,1
type-device-error-resolution,18,1626708645.848,1
type-device-error-resolution,19,1626708646.848,1
type-device-error-resolution,20,1626708647.848,1
type-device-error-resolution,21,1626708648.848,1
type-device-error-resolution,22,1626708649.848,1
type-device-error-resolution,23,1626708650.848,1
type-device-error-resolution,24,1626708651.848,1
type-device-error-resolution,25,1626708652.848,1
type-device-error-resolution,26,1626708653.848,1
type-device-error-resolution,27,1626708654.848,1
type-device-error-resolution,28,1626708655.848,1
type-device-error-resolution,29,1626708656.848,1
type-device-error-resolution,30,1626708657.848,1
