metric,num,timestamp,value
name-fatema-cloud,0,1626708627.848,0.04788132738992515
name-fatema-cloud,1,1626708628.848,0.03958177587444612
name-fatema-cloud,2,1626708629.848,0.031383623773681375
name-fatema-cloud,3,1626708630.848,0.0209464531049341
name-fatema-cloud,4,1626708631.848,0.018612937623928537
name-fatema-cloud,5,1626708632.848,0.017180918089352477
name-fatema-cloud,6,1626708633.848,0.014867083127251653
name-fatema-cloud,7,1626708634.848,0.015815870425588924
name-fatema-cloud,8,1626708635.848,0.014252615148818993
name-fatema-cloud,9,1626708636.848,0.014116393122872217
name-fatema-cloud,10,1626708637.848,0.015148769439914283
name-fatema-cloud,11,1626708638.848,0.016070075199103383
name-fatema-cloud,12,1626708639.848,0.01504231115120578
name-fatema-cloud,13,1626708640.848,0.012407099686330834
name-fatema-cloud,14,1626708641.848,0.012493327821339457
name-fatema-cloud,15,1626708642.848,0.012812431126891451
name-fatema-cloud,16,1626708643.848,0.014180720990632618
name-fatema-cloud,17,1626708644.848,0.014206488873543357
name-fatema-cloud,18,1626708645.848,0.013422167818161645
name-fatema-cloud,19,1626708646.848,0.010905375100363903
name-fatema-cloud,20,1626708647.848,0.012143107149107298
name-fatema-cloud,21,1626708648.848,0.014995224880622014
name-fatema-cloud,22,1626708649.848,0.014171401027834494
name-fatema-cloud,23,1626708650.848,0.012040607106548222
name-fatema-cloud,24,1626708651.848,0.012898518363654394
name-fatema-cloud,25,1626708652.848,0.015385081598219682
name-fatema-cloud,26,1626708653.848,0.014827117123231176
name-fatema-cloud,27,1626708654.848,0.014002063369015764
name-fatema-cloud,28,1626708655.848,0.01333804400848248
name-fatema-cloud,29,1626708656.848,0.01180522119101547
name-fatema-cloud,30,1626708657.848,0.01113473778665839
name-fatema-device-coap,0,1626708627.848,0.01706502354355679
name-fatema-device-coap,1,1626708628.848,0.012747445265001352
name-fatema-device-coap,2,1626708629.848,0.0161016300912674
name-fatema-device-coap,3,1626708630.848,0.019564811977827442
name-fatema-device-coap,4,1626708631.848,0.024757767170782635
name-fatema-device-coap,5,1626708632.848,0.022392407620602506
name-fatema-device-coap,6,1626708633.848,0.023138324706029643
name-fatema-device-coap,7,1626708634.848,0.0179840880797118
name-fatema-device-coap,8,1626708635.848,0.0170477283487912
name-fatema-device-coap,9,1626708636.848,0.01948714596425473
name-fatema-device-coap,10,1626708637.848,0.018632400838298584
name-fatema-device-coap,11,1626708638.848,0.02124978238842945
name-fatema-device-coap,12,1626708639.848,0.017971830181905814
name-fatema-device-coap,13,1626708640.848,0.018024615352983227
name-fatema-device-coap,14,1626708641.848,0.013645322277030036
name-fatema-device-coap,15,1626708642.848,0.011073934850280244
name-fatema-device-coap,16,1626708643.848,0.016073376743378855
name-fatema-device-coap,17,1626708644.848,0.019535878629585356
name-fatema-device-coap,18,1626708645.848,0.01867590639740908
name-fatema-device-coap,19,1626708646.848,0.01692046678915434
name-fatema-device-coap,20,1626708647.848,0.02029112247939766
name-fatema-device-coap,21,1626708648.848,0.020365180435581068
name-fatema-device-coap,22,1626708649.848,0.017905783773540792
name-fatema-device-coap,23,1626708650.848,0.011125227322827835
name-fatema-device-coap,24,1626708651.848,0.03750119611640253
name-fatema-device-coap,25,1626708652.848,0.037575512977468
name-fatema-device-coap,26,1626708653.848,0.04103125701348628
name-fatema-device-coap,27,1626708654.848,0.01634774584822895
name-fatema-device-coap,28,1626708655.848,0.016286421929815588
name-fatema-device-coap,29,1626708656.848,0.014580469753374329
name-fatema-device-coap,30,1626708657.848,0.013707465487300324
name-fatema-gateway-coap,0,1626708627.848,0.011544785937778594
name-fatema-gateway-coap,1,1626708628.848,0.010733301920108206
name-fatema-gateway-coap,2,1626708629.848,0.010761256864261767
name-fatema-gateway-coap,3,1626708630.848,0.011686564133335119
name-fatema-gateway-coap,4,1626708631.848,0.011697109009879922
name-fatema-gateway-coap,5,1626708632.848,0.011707872093960715
name-fatema-gateway-coap,6,1626708633.848,0.013229117968548174
name-fatema-gateway-coap,7,1626708634.848,0.014096082218796565
name-fatema-gateway-coap,8,1626708635.848,0.013322398993500208
name-fatema-gateway-coap,9,1626708636.848,0.011806651007723446
name-fatema-gateway-coap,10,1626708637.848,0.011808064213568602
name-fatema-gateway-coap,11,1626708638.848,0.013413367992883908
name-fatema-gateway-coap,12,1626708639.848,0.010832773509525906
name-fatema-gateway-coap,13,1626708640.848,0.009939642959357488
name-fatema-gateway-coap,14,1626708641.848,0.00914647810596431
name-fatema-gateway-coap,15,1626708642.848,0.011638099739622203
name-fatema-gateway-coap,16,1626708643.848,0.01335493809012392
name-fatema-gateway-coap,17,1626708644.848,0.012564255268539166
name-fatema-gateway-coap,18,1626708645.848,0.012555756293688557
name-fatema-gateway-coap,19,1626708646.848,0.01088033812060547
name-fatema-gateway-coap,20,1626708647.848,0.01168422152730689
name-fatema-gateway-coap,21,1626708648.848,0.010855530479881926
name-fatema-gateway-coap,22,1626708649.848,0.01085980395812328
name-fatema-gateway-coap,23,1626708650.848,0.010826663061478394
name-fatema-gateway-coap,24,1626708651.848,0.010793808180011234
name-fatema-gateway-coap,25,1626708652.848,0.010797868243441755
name-fatema-gateway-coap,26,1626708653.848,0.013291836563287073
name-fatema-gateway-coap,27,1626708654.848,0.016699490336794506
name-fatema-gateway-coap,28,1626708655.848,0.016674944392997132
name-fatema-gateway-coap,29,1626708656.848,0.01342944999941656
name-fatema-gateway-coap,30,1626708657.848,0.009280265850232412
