order,metrics,1,2
1,Error Activated,1626708633138.0,1626708643134.0
2, Error Resolved,1626708638150.0,1626708653154.0
3,Error Detected FaTEMa,1626708633394.0,1626708643402.0
4,Error Resolved FaTEMa,1626708638193.0,1626708653211.0
5,Error Detection,256.0,268.0
6,Error Resolution,43.0,57.0
7,Total Req,1199.0,1199.0
8,Total Sucess,901.0,901.0
9,Total Error,4.0,4.0
10,Total Handled,294.0,294.0
11,% Sucess,75.14595496246872,75.14595496246872
12,% Error,0.3336113427856547,0.3336113427856547
13,%Handled,24.520433694745623,24.520433694745623
14,Total Success Cloud,901.0,901.0
15,Total Error Cloud,4.0,4.0
16,Total Handled Cloud,294.0,294.0
17,Total Detected Cloud,2.0,2.0
18,FaTEMa Time,33.666666666666664,33.666666666666664
19,Injected,298.0,298.0
20,Real Injected,295.0,295.0
