metric,num,timestamp,value
type-cloud,0,1626708857.165,1
type-cloud,1,1626708858.165,1
type-cloud,2,1626708859.165,1
type-cloud,3,1626708860.165,1
type-cloud,4,1626708861.165,1
type-cloud,5,1626708862.165,1
type-cloud,6,1626708863.165,1
type-cloud,7,1626708864.165,1
type-cloud,8,1626708865.165,1
type-cloud,9,1626708866.165,1
type-cloud,10,1626708867.165,1
type-cloud,11,1626708868.165,1
type-cloud,12,1626708869.165,1
type-cloud,13,1626708870.165,1
type-cloud,14,1626708871.165,1
type-cloud,15,1626708872.165,1
type-cloud,16,1626708873.165,1
type-cloud,17,1626708874.165,1
type-cloud,18,1626708875.165,1
type-cloud,19,1626708876.165,1
type-cloud,20,1626708877.165,1
type-cloud,21,1626708878.165,1
type-cloud,22,1626708879.165,1
type-cloud,23,1626708880.165,1
type-cloud,24,1626708881.165,1
type-cloud,25,1626708882.165,1
type-cloud,26,1626708883.165,1
type-cloud,27,1626708884.165,1
type-cloud,28,1626708885.165,1
type-cloud,29,1626708886.165,1
type-cloud,30,1626708887.165,1
type-device-error-activation,0,1626708857.165,1
type-device-error-activation,1,1626708858.165,1
type-device-error-activation,2,1626708859.165,1
type-device-error-activation,3,1626708860.165,1
type-device-error-activation,4,1626708861.165,1
type-device-error-activation,5,1626708862.165,1
type-device-error-activation,6,1626708863.165,1
type-device-error-activation,7,1626708864.165,1
type-device-error-activation,8,1626708865.165,1
type-device-error-activation,9,1626708866.165,1
type-device-error-activation,10,1626708867.165,1
type-device-error-activation,11,1626708868.165,1
type-device-error-activation,12,1626708869.165,1
type-device-error-activation,13,1626708870.165,1
type-device-error-activation,14,1626708871.165,1
type-device-error-activation,15,1626708872.165,1
type-device-error-activation,16,1626708873.165,1
type-device-error-activation,17,1626708874.165,1
type-device-error-activation,18,1626708875.165,1
type-device-error-activation,19,1626708876.165,1
type-device-error-activation,20,1626708877.165,1
type-device-error-activation,21,1626708878.165,1
type-device-error-activation,22,1626708879.165,1
type-device-error-activation,23,1626708880.165,1
type-device-error-activation,24,1626708881.165,1
type-device-error-activation,25,1626708882.165,1
type-device-error-activation,26,1626708883.165,1
type-device-error-activation,27,1626708884.165,1
type-device-error-activation,28,1626708885.165,1
type-device-error-activation,29,1626708886.165,1
type-device-error-activation,30,1626708887.165,1
type-device-error-resolution,0,1626708857.165,1
type-device-error-resolution,1,1626708858.165,1
type-device-error-resolution,2,1626708859.165,1
type-device-error-resolution,3,1626708860.165,1
type-device-error-resolution,4,1626708861.165,1
type-device-error-resolution,5,1626708862.165,1
type-device-error-resolution,6,1626708863.165,1
type-device-error-resolution,7,1626708864.165,1
type-device-error-resolution,8,1626708865.165,1
type-device-error-resolution,9,1626708866.165,1
type-device-error-resolution,10,1626708867.165,1
type-device-error-resolution,11,1626708868.165,1
type-device-error-resolution,12,1626708869.165,1
type-device-error-resolution,13,1626708870.165,1
type-device-error-resolution,14,1626708871.165,1
type-device-error-resolution,15,1626708872.165,1
type-device-error-resolution,16,1626708873.165,1
type-device-error-resolution,17,1626708874.165,1
type-device-error-resolution,18,1626708875.165,1
type-device-error-resolution,19,1626708876.165,1
type-device-error-resolution,20,1626708877.165,1
type-device-error-resolution,21,1626708878.165,1
type-device-error-resolution,22,1626708879.165,1
type-device-error-resolution,23,1626708880.165,1
type-device-error-resolution,24,1626708881.165,1
type-device-error-resolution,25,1626708882.165,1
type-device-error-resolution,26,1626708883.165,1
type-device-error-resolution,27,1626708884.165,1
type-device-error-resolution,28,1626708885.165,1
type-device-error-resolution,29,1626708886.165,1
type-device-error-resolution,30,1626708887.165,1
