metric,num,timestamp,value
name-fatema-cloud,0,1626708857.165,0.011717296720296796
name-fatema-cloud,1,1626708858.165,0.011718779981347618
name-fatema-cloud,2,1626708859.165,0.00918625260168195
name-fatema-cloud,3,1626708860.165,0.010072897019338637
name-fatema-cloud,4,1626708861.165,0.008477362887659854
name-fatema-cloud,5,1626708862.165,0.009293298234497132
name-fatema-cloud,6,1626708863.165,0.010192252018730636
name-fatema-cloud,7,1626708864.165,0.010991045763032479
name-fatema-cloud,8,1626708865.165,0.011102126250628508
name-fatema-cloud,9,1626708866.165,0.01188617900234272
name-fatema-cloud,10,1626708867.165,0.01189442406758051
name-fatema-cloud,11,1626708868.165,0.011833612517918342
name-fatema-cloud,12,1626708869.165,0.008401970761533392
name-fatema-cloud,13,1626708870.165,0.008368087300233662
name-fatema-cloud,14,1626708871.165,0.009171677968231652
name-fatema-cloud,15,1626708872.165,0.010752615158479159
name-fatema-cloud,16,1626708873.165,0.010933730808297203
name-fatema-cloud,17,1626708874.165,0.01192823647373116
name-fatema-cloud,18,1626708875.165,0.012829289225072708
name-fatema-cloud,19,1626708876.165,0.012747105468582655
name-fatema-cloud,20,1626708877.165,0.010965756951028326
name-fatema-cloud,21,1626708878.165,0.011052219794825206
name-fatema-cloud,22,1626708879.165,0.010153966872164633
name-fatema-cloud,23,1626708880.165,0.010133900655756069
name-fatema-cloud,24,1626708881.165,0.010957177472945348
name-fatema-cloud,25,1626708882.165,0.010940563155440652
name-fatema-cloud,26,1626708883.165,0.014796445235164957
name-fatema-cloud,27,1626708884.165,0.012455863927898572
name-fatema-cloud,28,1626708885.165,0.013099792854603987
name-fatema-cloud,29,1626708886.165,0.011904177476616633
name-fatema-cloud,30,1626708887.165,0.01417513673774457
name-fatema-device-coap,0,1626708857.165,0.012922901268124341
name-fatema-device-coap,1,1626708858.165,0.012932079325170761
name-fatema-device-coap,2,1626708859.165,0.015428291187907117
name-fatema-device-coap,3,1626708860.165,0.01367792015417061
name-fatema-device-coap,4,1626708861.165,0.014498327723830237
name-fatema-device-coap,5,1626708862.165,0.011961194863204912
name-fatema-device-coap,6,1626708863.165,0.019018410767286727
name-fatema-device-coap,7,1626708864.165,0.02073915708854851
name-fatema-device-coap,8,1626708865.165,0.022408639081522966
name-fatema-device-coap,9,1626708866.165,0.017853933260286288
name-fatema-device-coap,10,1626708867.165,0.016925403981241545
name-fatema-device-coap,11,1626708868.165,0.017102614684768036
name-fatema-device-coap,12,1626708869.165,0.01545426854165021
name-fatema-device-coap,13,1626708870.165,0.012933244592054829
name-fatema-device-coap,14,1626708871.165,0.013719905392740329
name-fatema-device-coap,15,1626708872.165,0.01630585510834582
name-fatema-device-coap,16,1626708873.165,0.01975877487203596
name-fatema-device-coap,17,1626708874.165,0.02025978924729397
name-fatema-device-coap,18,1626708875.165,0.016953071243504165
name-fatema-device-coap,19,1626708876.165,0.015380410090151595
name-fatema-device-coap,20,1626708877.165,0.013512729022501568
name-fatema-device-coap,21,1626708878.165,0.014719773881576612
name-fatema-device-coap,22,1626708879.165,0.014532669678928366
name-fatema-device-coap,23,1626708880.165,0.021202375361779956
name-fatema-device-coap,24,1626708881.165,0.025341498934749337
name-fatema-device-coap,25,1626708882.165,0.02533210784039977
name-fatema-device-coap,26,1626708883.165,0.01940865785398502
name-fatema-device-coap,27,1626708884.165,0.01708980736571601
name-fatema-device-coap,28,1626708885.165,0.027298534736599225
name-fatema-device-coap,29,1626708886.165,0.027825451125768633
name-fatema-device-coap,30,1626708887.165,0.02556323754049237
name-fatema-gateway-coap,0,1626708857.165,0.02110245201513947
name-fatema-gateway-coap,1,1626708858.165,0.017748181302503326
name-fatema-gateway-coap,2,1626708859.165,0.009999164644877686
name-fatema-gateway-coap,3,1626708860.165,0.009177643312678951
name-fatema-gateway-coap,4,1626708861.165,0.010066838183714578
name-fatema-gateway-coap,5,1626708862.165,0.01012315995015286
name-fatema-gateway-coap,6,1626708863.165,0.012819078051830126
name-fatema-gateway-coap,7,1626708864.165,0.013575484282750983
name-fatema-gateway-coap,8,1626708865.165,0.01449535280403075
name-fatema-gateway-coap,9,1626708866.165,0.01232797925685291
name-fatema-gateway-coap,10,1626708867.165,0.011036993862059103
name-fatema-gateway-coap,11,1626708868.165,0.0126254582511223
name-fatema-gateway-coap,12,1626708869.165,0.014050851345921654
name-fatema-gateway-coap,13,1626708870.165,0.013275933260793349
name-fatema-gateway-coap,14,1626708871.165,0.01699741502478254
name-fatema-gateway-coap,15,1626708872.165,0.01610049247379479
name-fatema-gateway-coap,16,1626708873.165,0.019866955712790135
name-fatema-gateway-coap,17,1626708874.165,0.021908118014902594
name-fatema-gateway-coap,18,1626708875.165,0.020322759837786288
name-fatema-gateway-coap,19,1626708876.165,0.01744445038114168
name-fatema-gateway-coap,20,1626708877.165,0.0109762278117031
name-fatema-gateway-coap,21,1626708878.165,0.012659192664310811
name-fatema-gateway-coap,22,1626708879.165,0.01187550660788656
name-fatema-gateway-coap,23,1626708880.165,0.010162987442948117
name-fatema-gateway-coap,24,1626708881.165,0.009289131191932457
name-fatema-gateway-coap,25,1626708882.165,0.010170729319550431
name-fatema-gateway-coap,26,1626708883.165,0.012193312586747608
name-fatema-gateway-coap,27,1626708884.165,0.01305690750117465
name-fatema-gateway-coap,28,1626708885.165,0.01306987521600572
name-fatema-gateway-coap,29,1626708886.165,0.01141645997210649
name-fatema-gateway-coap,30,1626708887.165,0.013350974843551626
