order,metrics,1,2
1,Error Activated,1626708862406.0,1626708872401.0
2, Error Resolved,1626708867422.0,1626708882413.0
3,Error Detected FaTEMa,1626708862585.0,1626708872513.0
4,Error Resolved FaTEMa,1626708867682.0,1626708882677.0
5,Error Detection,179.0,112.0
6,Error Resolution,260.0,264.0
7,Total Req,1196.0,1196.0
8,Total Sucess,889.0,889.0
9,Total Error,2.0,2.0
10,Total Handled,305.0,305.0
11,% Sucess,74.33110367892976,74.33110367892976
12,% Error,0.16722408026755853,0.16722408026755853
13,%Handled,25.501672240802677,25.501672240802677
14,Total Success Cloud,889.0,889.0
15,Total Error Cloud,2.0,2.0
16,Total Handled Cloud,305.0,305.0
17,Total Detected Cloud,1.0,1.0
18,FaTEMa Time,26.333333333333332,26.333333333333332
19,Injected,307.0,307.0
20,Real Injected,292.0,292.0
