metric,num,timestamp,value
name-fatema-cloud,0,1626709101.439,0.010050810407316021
name-fatema-cloud,1,1626709102.439,0.010066584540098723
name-fatema-cloud,2,1626709103.439,0.010102588957664405
name-fatema-cloud,3,1626709104.439,0.00930579332612513
name-fatema-cloud,4,1626709105.439,0.011448079927269171
name-fatema-cloud,5,1626709106.439,0.011693343847620406
name-fatema-cloud,6,1626709107.439,0.011697490379341095
name-fatema-cloud,7,1626709108.439,0.009031963329581174
name-fatema-cloud,8,1626709109.439,0.009110107780481692
name-fatema-cloud,9,1626709110.439,0.00797646431194749
name-fatema-cloud,10,1626709111.439,0.0115422139710896
name-fatema-cloud,11,1626709112.439,0.014420559964352295
name-fatema-cloud,12,1626709113.439,0.015305439689438205
name-fatema-cloud,13,1626709114.439,0.021331159406411906
name-fatema-cloud,14,1626709115.439,0.017650496467488588
name-fatema-cloud,15,1626709116.439,0.017238765407529118
name-fatema-cloud,16,1626709117.439,0.012909984194325793
name-fatema-cloud,17,1626709118.439,0.012640718530002818
name-fatema-cloud,18,1626709119.439,0.012194147082876444
name-fatema-cloud,19,1626709120.439,0.010165712581070735
name-fatema-cloud,20,1626709121.439,0.010199378464849642
name-fatema-cloud,21,1626709122.439,0.010185922978880999
name-fatema-cloud,22,1626709123.439,0.010183787722419482
name-fatema-cloud,23,1626709124.439,0.010825703443507093
name-fatema-cloud,24,1626709125.439,0.010091916284768427
name-fatema-cloud,25,1626709126.439,0.010972517165369308
name-fatema-cloud,26,1626709127.439,0.011143018081105908
name-fatema-cloud,27,1626709128.439,0.014137936785006897
name-fatema-cloud,28,1626709129.439,0.011739209757909399
name-fatema-cloud,29,1626709130.439,0.013591538720784845
name-fatema-cloud,30,1626709131.439,0.011649890332101297
name-fatema-device-coap,0,1626709101.439,0.016205760231809346
name-fatema-device-coap,1,1626709102.439,0.01704249089958034
name-fatema-device-coap,2,1626709103.439,0.01782793799689767
name-fatema-device-coap,3,1626709104.439,0.013602901762472629
name-fatema-device-coap,4,1626709105.439,0.011942004144178852
name-fatema-device-coap,5,1626709106.439,0.01286591240280932
name-fatema-device-coap,6,1626709107.439,0.014515754899945632
name-fatema-device-coap,7,1626709108.439,0.013642767098204608
name-fatema-device-coap,8,1626709109.439,0.012779615268558173
name-fatema-device-coap,9,1626709110.439,0.013606814834765278
name-fatema-device-coap,10,1626709111.439,0.017910980375595666
name-fatema-device-coap,11,1626709112.439,0.02043168890698142
name-fatema-device-coap,12,1626709113.439,0.01787159888802346
name-fatema-device-coap,13,1626709114.439,0.01358055910361107
name-fatema-device-coap,14,1626709115.439,0.010999094143241276
name-fatema-device-coap,15,1626709116.439,0.02352460303930855
name-fatema-device-coap,16,1626709117.439,0.024418824917986384
name-fatema-device-coap,17,1626709118.439,0.02436352706118099
name-fatema-device-coap,18,1626709119.439,0.012740246224702184
name-fatema-device-coap,19,1626709120.439,0.013452985654478193
name-fatema-device-coap,20,1626709121.439,0.013248845943268566
name-fatema-device-coap,21,1626709122.439,0.014429559593419388
name-fatema-device-coap,22,1626709123.439,0.012800926834722665
name-fatema-device-coap,23,1626709124.439,0.01464981075295368
name-fatema-device-coap,24,1626709125.439,0.013345361209887205
name-fatema-device-coap,25,1626709126.439,0.014489407474946025
name-fatema-device-coap,26,1626709127.439,0.014547635920892091
name-fatema-device-coap,27,1626709128.439,0.01766562450994527
name-fatema-device-coap,28,1626709129.439,0.022317895061645256
name-fatema-device-coap,29,1626709130.439,0.021457713928476327
name-fatema-device-coap,30,1626709131.439,0.018393529035412932
name-fatema-gateway-coap,0,1626709101.439,0.010893007985660366
name-fatema-gateway-coap,1,1626709102.439,0.013307229258955333
name-fatema-gateway-coap,2,1626709103.439,0.01424237654710491
name-fatema-gateway-coap,3,1626709104.439,0.01421768932376502
name-fatema-gateway-coap,4,1626709105.439,0.010895898875037167
name-fatema-gateway-coap,5,1626709106.439,0.011773943567703848
name-fatema-gateway-coap,6,1626709107.439,0.013423116916017377
name-fatema-gateway-coap,7,1626709108.439,0.011793289361019706
name-fatema-gateway-coap,8,1626709109.439,0.00912981041598685
name-fatema-gateway-coap,9,1626709110.439,0.00920570000358187
name-fatema-gateway-coap,10,1626709111.439,0.01172069926475945
name-fatema-gateway-coap,11,1626709112.439,0.01750341467176719
name-fatema-gateway-coap,12,1626709113.439,0.017552785802057998
name-fatema-gateway-coap,13,1626709114.439,0.015084206048426791
name-fatema-gateway-coap,14,1626709115.439,0.010139175787160172
name-fatema-gateway-coap,15,1626709116.439,0.009218792742762574
name-fatema-gateway-coap,16,1626709117.439,0.013256522366790608
name-fatema-gateway-coap,17,1626709118.439,0.013368146747530923
name-fatema-gateway-coap,18,1626709119.439,0.014258088586153987
name-fatema-gateway-coap,19,1626709120.439,0.011053342753427946
name-fatema-gateway-coap,20,1626709121.439,0.011898822548946942
name-fatema-gateway-coap,21,1626709122.439,0.010999942531282607
name-fatema-gateway-coap,22,1626709123.439,0.011906666149791117
name-fatema-gateway-coap,23,1626709124.439,0.011755010046435744
name-fatema-gateway-coap,24,1626709125.439,0.013430474951311968
name-fatema-gateway-coap,25,1626709126.439,0.011721298734206465
name-fatema-gateway-coap,26,1626709127.439,0.013424355218716705
name-fatema-gateway-coap,27,1626709128.439,0.012637603445913269
name-fatema-gateway-coap,28,1626709129.439,0.015027518227689081
name-fatema-gateway-coap,29,1626709130.439,0.015990729727909055
name-fatema-gateway-coap,30,1626709131.439,0.014247702308686157
