order,metrics,1,2
1,Error Activated,1626709106654.0,1626709116657.0
2, Error Resolved,1626709111666.0,1626709126669.0
3,Error Detected FaTEMa,1626709106795.0,1626709116686.0
4,Error Resolved FaTEMa,1626709111888.0,1626709126896.0
5,Error Detection,141.0,29.0
6,Error Resolution,222.0,227.0
7,Total Req,1194.0,1194.0
8,Total Sucess,894.0,894.0
9,Total Error,2.0,2.0
10,Total Handled,298.0,298.0
11,% Sucess,74.87437185929649,74.87437185929649
12,% Error,0.16750418760469013,0.16750418760469013
13,%Handled,24.958123953098827,24.958123953098827
14,Total Success Cloud,900.0,900.0
15,Total Error Cloud,2.0,2.0
16,Total Handled Cloud,298.0,298.0
17,Total Detected Cloud,1.0,1.0
18,FaTEMa Time,25.0,25.0
19,Injected,300.0,300.0
20,Real Injected,295.0,295.0
