metric,num,timestamp,value
type-cloud,0,1626709364.715,1
type-cloud,1,1626709365.715,1
type-cloud,2,1626709366.715,1
type-cloud,3,1626709367.715,1
type-cloud,4,1626709368.715,1
type-cloud,5,1626709369.715,1
type-cloud,6,1626709370.715,1
type-cloud,7,1626709371.715,1
type-cloud,8,1626709372.715,1
type-cloud,9,1626709373.715,1
type-cloud,10,1626709374.715,1
type-cloud,11,1626709375.715,1
type-cloud,12,1626709376.715,1
type-cloud,13,1626709377.715,1
type-cloud,14,1626709378.715,1
type-cloud,15,1626709379.715,1
type-cloud,16,1626709380.715,1
type-cloud,17,1626709381.715,1
type-cloud,18,1626709382.715,1
type-cloud,19,1626709383.715,1
type-cloud,20,1626709384.715,1
type-cloud,21,1626709385.715,1
type-cloud,22,1626709386.715,1
type-cloud,23,1626709387.715,1
type-cloud,24,1626709388.715,1
type-cloud,25,1626709389.715,1
type-cloud,26,1626709390.715,1
type-cloud,27,1626709391.715,1
type-cloud,28,1626709392.715,1
type-cloud,29,1626709393.715,1
type-cloud,30,1626709394.715,1
type-device-error-activation,0,1626709364.715,1
type-device-error-activation,1,1626709365.715,1
type-device-error-activation,2,1626709366.715,1
type-device-error-activation,3,1626709367.715,1
type-device-error-activation,4,1626709368.715,1
type-device-error-activation,5,1626709369.715,1
type-device-error-activation,6,1626709370.715,1
type-device-error-activation,7,1626709371.715,1
type-device-error-activation,8,1626709372.715,1
type-device-error-activation,9,1626709373.715,1
type-device-error-activation,10,1626709374.715,1
type-device-error-activation,11,1626709375.715,1
type-device-error-activation,12,1626709376.715,1
type-device-error-activation,13,1626709377.715,1
type-device-error-activation,14,1626709378.715,1
type-device-error-activation,15,1626709379.715,1
type-device-error-activation,16,1626709380.715,1
type-device-error-activation,17,1626709381.715,1
type-device-error-activation,18,1626709382.715,1
type-device-error-activation,19,1626709383.715,1
type-device-error-activation,20,1626709384.715,1
type-device-error-activation,21,1626709385.715,1
type-device-error-activation,22,1626709386.715,1
type-device-error-activation,23,1626709387.715,1
type-device-error-activation,24,1626709388.715,1
type-device-error-activation,25,1626709389.715,1
type-device-error-activation,26,1626709390.715,1
type-device-error-activation,27,1626709391.715,1
type-device-error-activation,28,1626709392.715,1
type-device-error-activation,29,1626709393.715,1
type-device-error-activation,30,1626709394.715,1
type-device-error-resolution,0,1626709364.715,1
type-device-error-resolution,1,1626709365.715,1
type-device-error-resolution,2,1626709366.715,1
type-device-error-resolution,3,1626709367.715,1
type-device-error-resolution,4,1626709368.715,1
type-device-error-resolution,5,1626709369.715,1
type-device-error-resolution,6,1626709370.715,1
type-device-error-resolution,7,1626709371.715,1
type-device-error-resolution,8,1626709372.715,1
type-device-error-resolution,9,1626709373.715,1
type-device-error-resolution,10,1626709374.715,1
type-device-error-resolution,11,1626709375.715,1
type-device-error-resolution,12,1626709376.715,1
type-device-error-resolution,13,1626709377.715,1
type-device-error-resolution,14,1626709378.715,1
type-device-error-resolution,15,1626709379.715,1
type-device-error-resolution,16,1626709380.715,1
type-device-error-resolution,17,1626709381.715,1
type-device-error-resolution,18,1626709382.715,1
type-device-error-resolution,19,1626709383.715,1
type-device-error-resolution,20,1626709384.715,1
type-device-error-resolution,21,1626709385.715,1
type-device-error-resolution,22,1626709386.715,1
type-device-error-resolution,23,1626709387.715,1
type-device-error-resolution,24,1626709388.715,1
type-device-error-resolution,25,1626709389.715,1
type-device-error-resolution,26,1626709390.715,1
type-device-error-resolution,27,1626709391.715,1
type-device-error-resolution,28,1626709392.715,1
type-device-error-resolution,29,1626709393.715,1
type-device-error-resolution,30,1626709394.715,1
