metric,num,timestamp,value
name-fatema-cloud,0,1626709364.715,0.008412465808959282
name-fatema-cloud,1,1626709365.715,0.009249696904811066
name-fatema-cloud,2,1626709366.715,0.011804299902779394
name-fatema-cloud,3,1626709367.715,0.013457122582612124
name-fatema-cloud,4,1626709368.715,0.012649520146117806
name-fatema-cloud,5,1626709369.715,0.011765333087956206
name-fatema-cloud,6,1626709370.715,0.010862334738102355
name-fatema-cloud,7,1626709371.715,0.012567330772995296
name-fatema-cloud,8,1626709372.715,0.012592208882696812
name-fatema-cloud,9,1626709373.715,0.012696411569973014
name-fatema-cloud,10,1626709374.715,0.011766785073487832
name-fatema-cloud,11,1626709375.715,0.013434640339688008
name-fatema-cloud,12,1626709376.715,0.010815145416795896
name-fatema-cloud,13,1626709377.715,0.011744771913281077
name-fatema-cloud,14,1626709378.715,0.010918713640263821
name-fatema-cloud,15,1626709379.715,0.010970460134624263
name-fatema-cloud,16,1626709380.715,0.010940717403876506
name-fatema-cloud,17,1626709381.715,0.011807805355808547
name-fatema-cloud,18,1626709382.715,0.011776998147556523
name-fatema-cloud,19,1626709383.715,0.012618101488659866
name-fatema-cloud,20,1626709384.715,0.010982180592992384
name-fatema-cloud,21,1626709385.715,0.01097790839022772
name-fatema-cloud,22,1626709386.715,0.009311498094375797
name-fatema-cloud,23,1626709387.715,0.009268061968046663
name-fatema-cloud,24,1626709388.715,0.012601395301379995
name-fatema-cloud,25,1626709389.715,0.011725718055144376
name-fatema-cloud,26,1626709390.715,0.011708627311642386
name-fatema-cloud,27,1626709391.715,0.008362856798692694
name-fatema-cloud,28,1626709392.715,0.010101912065666744
name-fatema-cloud,29,1626709393.715,0.014286794729017366
name-fatema-cloud,30,1626709394.715,0.015145775623772992
name-fatema-device-coap,0,1626709364.715,0.011913837539758011
name-fatema-device-coap,1,1626709365.715,0.02530854989577172
name-fatema-device-coap,2,1626709366.715,0.027894456053106448
name-fatema-device-coap,3,1626709367.715,0.03735717600919901
name-fatema-device-coap,4,1626709368.715,0.0239624636531853
name-fatema-device-coap,5,1626709369.715,0.021381140939987556
name-fatema-device-coap,6,1626709370.715,0.015390106375223242
name-fatema-device-coap,7,1626709371.715,0.0170219770688978
name-fatema-device-coap,8,1626709372.715,0.019474447153242917
name-fatema-device-coap,9,1626709373.715,0.01515268325569833
name-fatema-device-coap,10,1626709374.715,0.014792363362933604
name-fatema-device-coap,11,1626709375.715,0.013797063820513645
name-fatema-device-coap,12,1626709376.715,0.014694935857586841
name-fatema-device-coap,13,1626709377.715,0.014260553125067462
name-fatema-device-coap,14,1626709378.715,0.011922647519561463
name-fatema-device-coap,15,1626709379.715,0.012742505527132068
name-fatema-device-coap,16,1626709380.715,0.013837713330099118
name-fatema-device-coap,17,1626709381.715,0.016209281615634646
name-fatema-device-coap,18,1626709382.715,0.016253386796374843
name-fatema-device-coap,19,1626709383.715,0.015389964504381121
name-fatema-device-coap,20,1626709384.715,0.014487337962003676
name-fatema-device-coap,21,1626709385.715,0.014509052313929464
name-fatema-device-coap,22,1626709386.715,0.014566522082074318
name-fatema-device-coap,23,1626709387.715,0.01284857332346409
name-fatema-device-coap,24,1626709388.715,0.012848573323464093
name-fatema-device-coap,25,1626709389.715,0.012739956907337799
name-fatema-device-coap,26,1626709390.715,0.016102423127619708
name-fatema-device-coap,27,1626709391.715,0.015110357761722629
name-fatema-device-coap,28,1626709392.715,0.015196928330236593
name-fatema-device-coap,29,1626709393.715,0.01189139860205124
name-fatema-device-coap,30,1626709394.715,0.01108256005856339
name-fatema-gateway-coap,0,1626709364.715,0.02426439200413025
name-fatema-gateway-coap,1,1626709365.715,0.015904009426216045
name-fatema-gateway-coap,2,1626709366.715,0.018131162400733605
name-fatema-gateway-coap,3,1626709367.715,0.015160966413219616
name-fatema-gateway-coap,4,1626709368.715,0.013475188833623341
name-fatema-gateway-coap,5,1626709369.715,0.010908173429392598
name-fatema-gateway-coap,6,1626709370.715,0.016208975996458735
name-fatema-gateway-coap,7,1626709371.715,0.015229108089297644
name-fatema-gateway-coap,8,1626709372.715,0.01816216689834509
name-fatema-gateway-coap,9,1626709373.715,0.014303348371635653
name-fatema-gateway-coap,10,1626709374.715,0.015241422188601354
name-fatema-gateway-coap,11,1626709375.715,0.015282490690678299
name-fatema-gateway-coap,12,1626709376.715,0.015239928654797638
name-fatema-gateway-coap,13,1626709377.715,0.015121937504198286
name-fatema-gateway-coap,14,1626709378.715,0.013428190282039338
name-fatema-gateway-coap,15,1626709379.715,0.01179090595705681
name-fatema-gateway-coap,16,1626709380.715,0.013092404918708188
name-fatema-gateway-coap,17,1626709381.715,0.013473091333640646
name-fatema-gateway-coap,18,1626709382.715,0.015177630088091365
name-fatema-gateway-coap,19,1626709383.715,0.01406357787870393
name-fatema-gateway-coap,20,1626709384.715,0.012645255691218805
name-fatema-gateway-coap,21,1626709385.715,0.013097586108818607
name-fatema-gateway-coap,22,1626709386.715,0.011748969291333008
name-fatema-gateway-coap,23,1626709387.715,0.011682468361577096
name-fatema-gateway-coap,24,1626709388.715,0.01173795045778289
name-fatema-gateway-coap,25,1626709389.715,0.012553801273633706
name-fatema-gateway-coap,26,1626709390.715,0.016017218625771497
name-fatema-gateway-coap,27,1626709391.715,0.014245925896078593
name-fatema-gateway-coap,28,1626709392.715,0.014279262563078626
name-fatema-gateway-coap,29,1626709393.715,0.011727331039065887
name-fatema-gateway-coap,30,1626709394.715,0.014260152191056051
