order,metrics,1,2
1,Error Activated,1626709369932.0,1626709379932.0
2, Error Resolved,1626709374948.0,1626709389944.0
3,Error Detected FaTEMa,1626709370010.0,1626709380200.0
4,Error Resolved FaTEMa,1626709375106.0,1626709390105.0
5,Error Detection,78.0,268.0
6,Error Resolution,158.0,161.0
7,Total Req,1142.0,1142.0
8,Total Sucess,832.0,832.0
9,Total Error,6.0,6.0
10,Total Handled,304.0,304.0
11,% Sucess,72.85464098073555,72.85464098073555
12,% Error,0.5253940455341506,0.5253940455341506
13,%Handled,26.619964973730298,26.619964973730298
14,Total Success Cloud,837.0,837.0
15,Total Error Cloud,6.0,6.0
16,Total Handled Cloud,304.0,304.0
17,Total Detected Cloud,0.0,0.0
18,FaTEMa Time,34.0,34.0
19,Injected,310.0,310.0
20,Real Injected,303.0,303.0
