metric,num,timestamp,value
type-cloud,0,1626709616.845,1
type-cloud,1,1626709617.845,1
type-cloud,2,1626709618.845,1
type-cloud,3,1626709619.845,1
type-cloud,4,1626709620.845,1
type-cloud,5,1626709621.845,1
type-cloud,6,1626709622.845,1
type-cloud,7,1626709623.845,1
type-cloud,8,1626709624.845,1
type-cloud,9,1626709625.845,1
type-cloud,10,1626709626.845,1
type-cloud,11,1626709627.845,1
type-cloud,12,1626709628.845,1
type-cloud,13,1626709629.845,1
type-cloud,14,1626709630.845,1
type-cloud,15,1626709631.845,1
type-cloud,16,1626709632.845,1
type-cloud,17,1626709633.845,1
type-cloud,18,1626709634.845,1
type-cloud,19,1626709635.845,1
type-cloud,20,1626709636.845,1
type-cloud,21,1626709637.845,1
type-cloud,22,1626709638.845,1
type-cloud,23,1626709639.845,1
type-cloud,24,1626709640.845,1
type-cloud,25,1626709641.845,1
type-cloud,26,1626709642.845,1
type-cloud,27,1626709643.845,1
type-cloud,28,1626709644.845,1
type-cloud,29,1626709645.845,1
type-cloud,30,1626709646.845,1
type-device-error-activation,0,1626709616.845,1
type-device-error-activation,1,1626709617.845,1
type-device-error-activation,2,1626709618.845,1
type-device-error-activation,3,1626709619.845,1
type-device-error-activation,4,1626709620.845,1
type-device-error-activation,5,1626709621.845,1
type-device-error-activation,6,1626709622.845,1
type-device-error-activation,7,1626709623.845,1
type-device-error-activation,8,1626709624.845,1
type-device-error-activation,9,1626709625.845,1
type-device-error-activation,10,1626709626.845,1
type-device-error-activation,11,1626709627.845,1
type-device-error-activation,12,1626709628.845,1
type-device-error-activation,13,1626709629.845,1
type-device-error-activation,14,1626709630.845,1
type-device-error-activation,15,1626709631.845,1
type-device-error-activation,16,1626709632.845,1
type-device-error-activation,17,1626709633.845,1
type-device-error-activation,18,1626709634.845,1
type-device-error-activation,19,1626709635.845,1
type-device-error-activation,20,1626709636.845,1
type-device-error-activation,21,1626709637.845,1
type-device-error-activation,22,1626709638.845,1
type-device-error-activation,23,1626709639.845,1
type-device-error-activation,24,1626709640.845,1
type-device-error-activation,25,1626709641.845,1
type-device-error-activation,26,1626709642.845,1
type-device-error-activation,27,1626709643.845,1
type-device-error-activation,28,1626709644.845,1
type-device-error-activation,29,1626709645.845,1
type-device-error-activation,30,1626709646.845,1
type-device-error-resolution,0,1626709616.845,1
type-device-error-resolution,1,1626709617.845,1
type-device-error-resolution,2,1626709618.845,1
type-device-error-resolution,3,1626709619.845,1
type-device-error-resolution,4,1626709620.845,1
type-device-error-resolution,5,1626709621.845,1
type-device-error-resolution,6,1626709622.845,1
type-device-error-resolution,7,1626709623.845,1
type-device-error-resolution,8,1626709624.845,1
type-device-error-resolution,9,1626709625.845,1
type-device-error-resolution,10,1626709626.845,1
type-device-error-resolution,11,1626709627.845,1
type-device-error-resolution,12,1626709628.845,1
type-device-error-resolution,13,1626709629.845,1
type-device-error-resolution,14,1626709630.845,1
type-device-error-resolution,15,1626709631.845,1
type-device-error-resolution,16,1626709632.845,1
type-device-error-resolution,17,1626709633.845,1
type-device-error-resolution,18,1626709634.845,1
type-device-error-resolution,19,1626709635.845,1
type-device-error-resolution,20,1626709636.845,1
type-device-error-resolution,21,1626709637.845,1
type-device-error-resolution,22,1626709638.845,1
type-device-error-resolution,23,1626709639.845,1
type-device-error-resolution,24,1626709640.845,1
type-device-error-resolution,25,1626709641.845,1
type-device-error-resolution,26,1626709642.845,1
type-device-error-resolution,27,1626709643.845,1
type-device-error-resolution,28,1626709644.845,1
type-device-error-resolution,29,1626709645.845,1
type-device-error-resolution,30,1626709646.845,1
