metric,num,timestamp,value
name-fatema-cloud,0,1626709616.845,0.01096137461804291
name-fatema-cloud,1,1626709617.845,0.011613251383561665
name-fatema-cloud,2,1626709618.845,0.011671311832783656
name-fatema-cloud,3,1626709619.845,0.014424541264196053
name-fatema-cloud,4,1626709620.845,0.013141874078308658
name-fatema-cloud,5,1626709621.845,0.013494168589251551
name-fatema-cloud,6,1626709622.845,0.011152752089186667
name-fatema-cloud,7,1626709623.845,0.014324523312609989
name-fatema-cloud,8,1626709624.845,0.013595698872445341
name-fatema-cloud,9,1626709625.845,0.014313611897413172
name-fatema-cloud,10,1626709626.845,0.01337412646961351
name-fatema-cloud,11,1626709627.845,0.017729347692440008
name-fatema-cloud,12,1626709628.845,0.013837654902619569
name-fatema-cloud,13,1626709629.845,0.011378625313772536
name-fatema-cloud,14,1626709630.845,0.008252311111260376
name-fatema-cloud,15,1626709631.845,0.010722646835727935
name-fatema-cloud,16,1626709632.845,0.011555858235685664
name-fatema-cloud,17,1626709633.845,0.011515606420328792
name-fatema-cloud,18,1626709634.845,0.009915997485965675
name-fatema-cloud,19,1626709635.845,0.011603148150888795
name-fatema-cloud,20,1626709636.845,0.012549127737645082
name-fatema-cloud,21,1626709637.845,0.013087929533475304
name-fatema-cloud,22,1626709638.845,0.013082954409097194
name-fatema-cloud,23,1626709639.845,0.01258142722896826
name-fatema-cloud,24,1626709640.845,0.011498152382024228
name-fatema-cloud,25,1626709641.845,0.010108994276448211
name-fatema-cloud,26,1626709642.845,0.01009845265811627
name-fatema-cloud,27,1626709643.845,0.01337945867567014
name-fatema-cloud,28,1626709644.845,0.014045249400703157
name-fatema-cloud,29,1626709645.845,0.01170122613912583
name-fatema-cloud,30,1626709646.845,0.010912112847918721
name-fatema-device-coap,0,1626709616.845,0.01797261005296732
name-fatema-device-coap,1,1626709617.845,0.01706857073509926
name-fatema-device-coap,2,1626709618.845,0.015342122580079675
name-fatema-device-coap,3,1626709619.845,0.014500281840434611
name-fatema-device-coap,4,1626709620.845,0.02440058426870924
name-fatema-device-coap,5,1626709621.845,0.023606626957815256
name-fatema-device-coap,6,1626709622.845,0.022747874626308874
name-fatema-device-coap,7,1626709623.845,0.013715674121601957
name-fatema-device-coap,8,1626709624.845,0.014535930611961541
name-fatema-device-coap,9,1626709625.845,0.014573411511473587
name-fatema-device-coap,10,1626709626.845,0.013709760917072765
name-fatema-device-coap,11,1626709627.845,0.013797806718023574
name-fatema-device-coap,12,1626709628.845,0.012944833322553242
name-fatema-device-coap,13,1626709629.845,0.013686451739509517
name-fatema-device-coap,14,1626709630.845,0.021867274062484503
name-fatema-device-coap,15,1626709631.845,0.021912729434400355
name-fatema-device-coap,16,1626709632.845,0.02196453219696768
name-fatema-device-coap,17,1626709633.845,0.014485347852416388
name-fatema-device-coap,18,1626709634.845,0.017903212044388977
name-fatema-device-coap,19,1626709635.845,0.01706568706752801
name-fatema-device-coap,20,1626709636.845,0.014601045943093072
name-fatema-device-coap,21,1626709637.845,0.012820873865003071
name-fatema-device-coap,22,1626709638.845,0.011966708429046369
name-fatema-device-coap,23,1626709639.845,0.013685012796781856
name-fatema-device-coap,24,1626709640.845,0.012839257488267248
name-fatema-device-coap,25,1626709641.845,0.013711361040468639
name-fatema-device-coap,26,1626709642.845,0.016235946003987724
name-fatema-device-coap,27,1626709643.845,0.017986164543117734
name-fatema-device-coap,28,1626709644.845,0.020523696096193332
name-fatema-device-coap,29,1626709645.845,0.016299072967306927
name-fatema-device-coap,30,1626709646.845,0.013693748243541769
name-fatema-gateway-coap,0,1626709616.845,0.010016870742640571
name-fatema-gateway-coap,1,1626709617.845,0.009975736579480655
name-fatema-gateway-coap,2,1626709618.845,0.010926971460838476
name-fatema-gateway-coap,3,1626709619.845,0.010758276318181331
name-fatema-gateway-coap,4,1626709620.845,0.010971277645635208
name-fatema-gateway-coap,5,1626709621.845,0.010207855522989783
name-fatema-gateway-coap,6,1626709622.845,0.013509138686555712
name-fatema-gateway-coap,7,1626709623.845,0.014014334240826758
name-fatema-gateway-coap,8,1626709624.845,0.014400686732710645
name-fatema-gateway-coap,9,1626709625.845,0.013084757486255694
name-fatema-gateway-coap,10,1626709626.845,0.010871106911742635
name-fatema-gateway-coap,11,1626709627.845,0.009998500978025644
name-fatema-gateway-coap,12,1626709628.845,0.011535324351795103
name-fatema-gateway-coap,13,1626709629.845,0.00978555016444263
name-fatema-gateway-coap,14,1626709630.845,0.009868617846949021
name-fatema-gateway-coap,15,1626709631.845,0.009840233613748096
name-fatema-gateway-coap,16,1626709632.845,0.014065243093708803
name-fatema-gateway-coap,17,1626709633.845,0.014789708842453382
name-fatema-gateway-coap,18,1626709634.845,0.013232505694532964
name-fatema-gateway-coap,19,1626709635.845,0.012350643376177835
name-fatema-gateway-coap,20,1626709636.845,0.012123502510200248
name-fatema-gateway-coap,21,1626709637.845,0.012877139663861847
name-fatema-gateway-coap,22,1626709638.845,0.011688230441550772
name-fatema-gateway-coap,23,1626709639.845,0.01202099764391408
name-fatema-gateway-coap,24,1626709640.845,0.01212245224545532
name-fatema-gateway-coap,25,1626709641.845,0.011798369599877137
name-fatema-gateway-coap,26,1626709642.845,0.015032026298880372
name-fatema-gateway-coap,27,1626709643.845,0.012502064881479582
name-fatema-gateway-coap,28,1626709644.845,0.014950416955267196
name-fatema-gateway-coap,29,1626709645.845,0.012584278980925543
name-fatema-gateway-coap,30,1626709646.845,0.015065505877004812
