order,metrics,1,2
1,Error Activated,1626709622194.0,1626709632049.0
2, Error Resolved,1626709627205.0,1626709642077.0
3,Error Detected FaTEMa,1626709622392.0,1626709632298.0
4,Error Resolved FaTEMa,1626709627598.0,1626709642209.0
5,Error Detection,198.0,249.0
6,Error Resolution,393.0,132.0
7,Total Req,1129.0,1129.0
8,Total Sucess,823.0,823.0
9,Total Error,4.0,4.0
10,Total Handled,302.0,302.0
11,% Sucess,72.8963684676705,72.8963684676705
12,% Error,0.354295837023915,0.354295837023915
13,%Handled,26.749335695305582,26.749335695305582
14,Total Success Cloud,825.0,825.0
15,Total Error Cloud,4.0,4.0
16,Total Handled Cloud,302.0,302.0
17,Total Detected Cloud,3.0,3.0
18,FaTEMa Time,37.666666666666664,37.666666666666664
19,Injected,306.0,306.0
20,Real Injected,296.0,296.0
