metric,num,timestamp,value
type-cloud,0,1626709862.294,1
type-cloud,1,1626709863.294,1
type-cloud,2,1626709864.294,1
type-cloud,3,1626709865.294,1
type-cloud,4,1626709866.294,1
type-cloud,5,1626709867.294,1
type-cloud,6,1626709868.294,1
type-cloud,7,1626709869.294,1
type-cloud,8,1626709870.294,1
type-cloud,9,1626709871.294,1
type-cloud,10,1626709872.294,1
type-cloud,11,1626709873.294,1
type-cloud,12,1626709874.294,1
type-cloud,13,1626709875.294,1
type-cloud,14,1626709876.294,1
type-cloud,15,1626709877.294,1
type-cloud,16,1626709878.294,1
type-cloud,17,1626709879.294,1
type-cloud,18,1626709880.294,1
type-cloud,19,1626709881.294,1
type-cloud,20,1626709882.294,1
type-cloud,21,1626709883.294,1
type-cloud,22,1626709884.294,1
type-cloud,23,1626709885.294,1
type-cloud,24,1626709886.294,1
type-cloud,25,1626709887.294,1
type-cloud,26,1626709888.294,1
type-cloud,27,1626709889.294,1
type-cloud,28,1626709890.294,1
type-cloud,29,1626709891.294,1
type-cloud,30,1626709892.294,1
type-device-error-activation,0,1626709862.294,1
type-device-error-activation,1,1626709863.294,1
type-device-error-activation,2,1626709864.294,1
type-device-error-activation,3,1626709865.294,1
type-device-error-activation,4,1626709866.294,1
type-device-error-activation,5,1626709867.294,1
type-device-error-activation,6,1626709868.294,1
type-device-error-activation,7,1626709869.294,1
type-device-error-activation,8,1626709870.294,1
type-device-error-activation,9,1626709871.294,1
type-device-error-activation,10,1626709872.294,1
type-device-error-activation,11,1626709873.294,1
type-device-error-activation,12,1626709874.294,1
type-device-error-activation,13,1626709875.294,1
type-device-error-activation,14,1626709876.294,1
type-device-error-activation,15,1626709877.294,1
type-device-error-activation,16,1626709878.294,1
type-device-error-activation,17,1626709879.294,1
type-device-error-activation,18,1626709880.294,1
type-device-error-activation,19,1626709881.294,1
type-device-error-activation,20,1626709882.294,1
type-device-error-activation,21,1626709883.294,1
type-device-error-activation,22,1626709884.294,1
type-device-error-activation,23,1626709885.294,1
type-device-error-activation,24,1626709886.294,1
type-device-error-activation,25,1626709887.294,1
type-device-error-activation,26,1626709888.294,1
type-device-error-activation,27,1626709889.294,1
type-device-error-activation,28,1626709890.294,1
type-device-error-activation,29,1626709891.294,1
type-device-error-activation,30,1626709892.294,1
type-device-error-resolution,0,1626709862.294,1
type-device-error-resolution,1,1626709863.294,1
type-device-error-resolution,2,1626709864.294,1
type-device-error-resolution,3,1626709865.294,1
type-device-error-resolution,4,1626709866.294,1
type-device-error-resolution,5,1626709867.294,1
type-device-error-resolution,6,1626709868.294,1
type-device-error-resolution,7,1626709869.294,1
type-device-error-resolution,8,1626709870.294,1
type-device-error-resolution,9,1626709871.294,1
type-device-error-resolution,10,1626709872.294,1
type-device-error-resolution,11,1626709873.294,1
type-device-error-resolution,12,1626709874.294,1
type-device-error-resolution,13,1626709875.294,1
type-device-error-resolution,14,1626709876.294,1
type-device-error-resolution,15,1626709877.294,1
type-device-error-resolution,16,1626709878.294,1
type-device-error-resolution,17,1626709879.294,1
type-device-error-resolution,18,1626709880.294,1
type-device-error-resolution,19,1626709881.294,1
type-device-error-resolution,20,1626709882.294,1
type-device-error-resolution,21,1626709883.294,1
type-device-error-resolution,22,1626709884.294,1
type-device-error-resolution,23,1626709885.294,1
type-device-error-resolution,24,1626709886.294,1
type-device-error-resolution,25,1626709887.294,1
type-device-error-resolution,26,1626709888.294,1
type-device-error-resolution,27,1626709889.294,1
type-device-error-resolution,28,1626709890.294,1
type-device-error-resolution,29,1626709891.294,1
type-device-error-resolution,30,1626709892.294,1
