order,metrics,1,2
1,Error Activated,1626709867732.0,1626709877735.0
2, Error Resolved,1626709872745.0,1626709887746.0
3,Error Detected FaTEMa,1626709868008.0,1626709877891.0
4,Error Resolved FaTEMa,1626709872785.0,1626709887787.0
5,Error Detection,276.0,156.0
6,Error Resolution,40.0,41.0
7,Total Req,1174.0,1174.0
8,Total Sucess,855.0,855.0
9,Total Error,1.0,1.0
10,Total Handled,318.0,318.0
11,% Sucess,72.82793867120954,72.82793867120954
12,% Error,0.08517887563884156,0.08517887563884156
13,%Handled,27.086882453151617,27.086882453151617
14,Total Success Cloud,854.0,854.0
15,Total Error Cloud,1.0,1.0
16,Total Handled Cloud,318.0,318.0
17,Total Detected Cloud,3.0,3.0
18,FaTEMa Time,26.666666666666668,26.666666666666668
19,Injected,319.0,319.0
20,Real Injected,317.0,317.0
