metric,num,timestamp,value
type-cloud,0,1626704557.272,1
type-cloud,1,1626704558.272,1
type-cloud,2,1626704559.272,1
type-cloud,3,1626704560.272,1
type-cloud,4,1626704561.272,1
type-cloud,5,1626704562.272,1
type-cloud,6,1626704563.272,1
type-cloud,7,1626704564.272,1
type-cloud,8,1626704565.272,1
type-cloud,9,1626704566.272,1
type-cloud,10,1626704567.272,1
type-cloud,11,1626704568.272,1
type-cloud,12,1626704569.272,1
type-cloud,13,1626704570.272,1
type-cloud,14,1626704571.272,1
type-cloud,15,1626704572.272,1
type-cloud,16,1626704573.272,1
type-cloud,17,1626704574.272,1
type-cloud,18,1626704575.272,1
type-cloud,19,1626704576.272,1
type-cloud,20,1626704577.272,1
type-cloud,21,1626704578.272,1
type-cloud,22,1626704579.272,1
type-cloud,23,1626704580.272,1
type-cloud,24,1626704581.272,1
type-cloud,25,1626704582.272,1
type-cloud,26,1626704583.272,1
type-cloud,27,1626704584.272,1
type-cloud,28,1626704585.272,1
type-cloud,29,1626704586.272,1
type-cloud,30,1626704587.272,1
type-device-error-activation,0,1626704557.272,1
type-device-error-activation,1,1626704558.272,1
type-device-error-activation,2,1626704559.272,1
type-device-error-activation,3,1626704560.272,1
type-device-error-activation,4,1626704561.272,1
type-device-error-activation,5,1626704562.272,1
type-device-error-activation,6,1626704563.272,1
type-device-error-activation,7,1626704564.272,1
type-device-error-activation,8,1626704565.272,1
type-device-error-activation,9,1626704566.272,1
type-device-error-activation,10,1626704567.272,1
type-device-error-activation,11,1626704568.272,1
type-device-error-activation,12,1626704569.272,1
type-device-error-activation,13,1626704570.272,1
type-device-error-activation,14,1626704571.272,1
type-device-error-activation,15,1626704572.272,1
type-device-error-activation,16,1626704573.272,1
type-device-error-activation,17,1626704574.272,1
type-device-error-activation,18,1626704575.272,1
type-device-error-activation,19,1626704576.272,1
type-device-error-activation,20,1626704577.272,1
type-device-error-activation,21,1626704578.272,1
type-device-error-activation,22,1626704579.272,1
type-device-error-activation,23,1626704580.272,1
type-device-error-activation,24,1626704581.272,1
type-device-error-activation,25,1626704582.272,1
type-device-error-activation,26,1626704583.272,1
type-device-error-activation,27,1626704584.272,1
type-device-error-activation,28,1626704585.272,1
type-device-error-activation,29,1626704586.272,1
type-device-error-activation,30,1626704587.272,1
type-device-error-resolution,0,1626704557.272,1
type-device-error-resolution,1,1626704558.272,1
type-device-error-resolution,2,1626704559.272,1
type-device-error-resolution,3,1626704560.272,1
type-device-error-resolution,4,1626704561.272,1
type-device-error-resolution,5,1626704562.272,1
type-device-error-resolution,6,1626704563.272,1
type-device-error-resolution,7,1626704564.272,1
type-device-error-resolution,8,1626704565.272,1
type-device-error-resolution,9,1626704566.272,1
type-device-error-resolution,10,1626704567.272,1
type-device-error-resolution,11,1626704568.272,1
type-device-error-resolution,12,1626704569.272,1
type-device-error-resolution,13,1626704570.272,1
type-device-error-resolution,14,1626704571.272,1
type-device-error-resolution,15,1626704572.272,1
type-device-error-resolution,16,1626704573.272,1
type-device-error-resolution,17,1626704574.272,1
type-device-error-resolution,18,1626704575.272,1
type-device-error-resolution,19,1626704576.272,1
type-device-error-resolution,20,1626704577.272,1
type-device-error-resolution,21,1626704578.272,1
type-device-error-resolution,22,1626704579.272,1
type-device-error-resolution,23,1626704580.272,1
type-device-error-resolution,24,1626704581.272,1
type-device-error-resolution,25,1626704582.272,1
type-device-error-resolution,26,1626704583.272,1
type-device-error-resolution,27,1626704584.272,1
type-device-error-resolution,28,1626704585.272,1
type-device-error-resolution,29,1626704586.272,1
type-device-error-resolution,30,1626704587.272,1
