order,metrics,1,2
1,Error Activated,1626704562483.0,1626704572481.0
2, Error Resolved,1626704567495.0,1626704582655.0
3,Error Detected FaTEMa,1626704562578.0,1626704572811.0
4,Error Resolved FaTEMa,1626704567710.0,1626704582803.0
5,Error Detection,95.0,330.0
6,Error Resolution,215.0,148.0
7,Total Req,1136.0,1136.0
8,Total Sucess,865.0,865.0
9,Total Error,2.0,2.0
10,Total Handled,269.0,269.0
11,% Sucess,76.1443661971831,76.1443661971831
12,% Error,0.17605633802816903,0.17605633802816903
13,%Handled,23.679577464788732,23.679577464788732
14,Total Success Cloud,871.0,871.0
15,Total Error Cloud,2.0,2.0
16,Total Handled Cloud,269.0,269.0
17,Total Detected Cloud,3.0,3.0
18,FaTEMa Time,56.0,56.0
19,Injected,271.0,271.0
20,Real Injected,264.0,264.0
