metric,num,timestamp,value
type-cloud,0,1626705026.09,1
type-cloud,1,1626705027.09,1
type-cloud,2,1626705028.09,1
type-cloud,3,1626705029.09,1
type-cloud,4,1626705030.09,1
type-cloud,5,1626705031.09,1
type-cloud,6,1626705032.09,1
type-cloud,7,1626705033.09,1
type-cloud,8,1626705034.09,1
type-cloud,9,1626705035.09,1
type-cloud,10,1626705036.09,1
type-cloud,11,1626705037.09,1
type-cloud,12,1626705038.09,1
type-cloud,13,1626705039.09,1
type-cloud,14,1626705040.09,1
type-cloud,15,1626705041.09,1
type-cloud,16,1626705042.09,1
type-cloud,17,1626705043.09,1
type-cloud,18,1626705044.09,1
type-cloud,19,1626705045.09,1
type-cloud,20,1626705046.09,1
type-cloud,21,1626705047.09,1
type-cloud,22,1626705048.09,1
type-cloud,23,1626705049.09,1
type-cloud,24,1626705050.09,1
type-cloud,25,1626705051.09,1
type-cloud,26,1626705052.09,1
type-cloud,27,1626705053.09,1
type-cloud,28,1626705054.09,1
type-cloud,29,1626705055.09,1
type-cloud,30,1626705056.09,1
type-device-error-activation,0,1626705026.09,1
type-device-error-activation,1,1626705027.09,1
type-device-error-activation,2,1626705028.09,1
type-device-error-activation,3,1626705029.09,1
type-device-error-activation,4,1626705030.09,1
type-device-error-activation,5,1626705031.09,1
type-device-error-activation,6,1626705032.09,1
type-device-error-activation,7,1626705033.09,1
type-device-error-activation,8,1626705034.09,1
type-device-error-activation,9,1626705035.09,1
type-device-error-activation,10,1626705036.09,1
type-device-error-activation,11,1626705037.09,1
type-device-error-activation,12,1626705038.09,1
type-device-error-activation,13,1626705039.09,1
type-device-error-activation,14,1626705040.09,1
type-device-error-activation,15,1626705041.09,1
type-device-error-activation,16,1626705042.09,1
type-device-error-activation,17,1626705043.09,1
type-device-error-activation,18,1626705044.09,1
type-device-error-activation,19,1626705045.09,1
type-device-error-activation,20,1626705046.09,1
type-device-error-activation,21,1626705047.09,1
type-device-error-activation,22,1626705048.09,1
type-device-error-activation,23,1626705049.09,1
type-device-error-activation,24,1626705050.09,1
type-device-error-activation,25,1626705051.09,1
type-device-error-activation,26,1626705052.09,1
type-device-error-activation,27,1626705053.09,1
type-device-error-activation,28,1626705054.09,1
type-device-error-activation,29,1626705055.09,1
type-device-error-activation,30,1626705056.09,1
type-device-error-resolution,0,1626705026.09,1
type-device-error-resolution,1,1626705027.09,1
type-device-error-resolution,2,1626705028.09,1
type-device-error-resolution,3,1626705029.09,1
type-device-error-resolution,4,1626705030.09,1
type-device-error-resolution,5,1626705031.09,1
type-device-error-resolution,6,1626705032.09,1
type-device-error-resolution,7,1626705033.09,1
type-device-error-resolution,8,1626705034.09,1
type-device-error-resolution,9,1626705035.09,1
type-device-error-resolution,10,1626705036.09,1
type-device-error-resolution,11,1626705037.09,1
type-device-error-resolution,12,1626705038.09,1
type-device-error-resolution,13,1626705039.09,1
type-device-error-resolution,14,1626705040.09,1
type-device-error-resolution,15,1626705041.09,1
type-device-error-resolution,16,1626705042.09,1
type-device-error-resolution,17,1626705043.09,1
type-device-error-resolution,18,1626705044.09,1
type-device-error-resolution,19,1626705045.09,1
type-device-error-resolution,20,1626705046.09,1
type-device-error-resolution,21,1626705047.09,1
type-device-error-resolution,22,1626705048.09,1
type-device-error-resolution,23,1626705049.09,1
type-device-error-resolution,24,1626705050.09,1
type-device-error-resolution,25,1626705051.09,1
type-device-error-resolution,26,1626705052.09,1
type-device-error-resolution,27,1626705053.09,1
type-device-error-resolution,28,1626705054.09,1
type-device-error-resolution,29,1626705055.09,1
type-device-error-resolution,30,1626705056.09,1
