metric,num,timestamp,value
name-fatema-cloud,0,1626705026.09,0.010990328434693115
name-fatema-cloud,1,1626705027.09,0.012652159338728515
name-fatema-cloud,2,1626705028.09,0.010122761507823146
name-fatema-cloud,3,1626705029.09,0.011051781249749709
name-fatema-cloud,4,1626705030.09,0.011051781249749707
name-fatema-cloud,5,1626705031.09,0.012769945085777263
name-fatema-cloud,6,1626705032.09,0.010994814454230024
name-fatema-cloud,7,1626705033.09,0.010148963852894237
name-fatema-cloud,8,1626705034.09,0.011880862830937032
name-fatema-cloud,9,1626705035.09,0.01188277934660293
name-fatema-cloud,10,1626705036.09,0.011024064001168274
name-fatema-cloud,11,1626705037.09,0.011024064001168274
name-fatema-cloud,12,1626705038.09,0.011080724726930101
name-fatema-cloud,13,1626705039.09,0.013577036514951336
name-fatema-cloud,14,1626705040.09,0.010998508244346611
name-fatema-cloud,15,1626705041.09,0.010142744187618178
name-fatema-cloud,16,1626705042.09,0.011013779338372455
name-fatema-cloud,17,1626705043.09,0.01361446701712905
name-fatema-cloud,18,1626705044.09,0.014398964778541233
name-fatema-cloud,19,1626705045.09,0.012732824095463877
name-fatema-cloud,20,1626705046.09,0.011021595629054064
name-fatema-cloud,21,1626705047.09,0.009304412481319142
name-fatema-cloud,22,1626705048.09,0.009329267208389728
name-fatema-cloud,23,1626705049.09,0.010145593040206187
name-fatema-cloud,24,1626705050.09,0.011871148794438494
name-fatema-cloud,25,1626705051.09,0.010166670114701949
name-fatema-cloud,26,1626705052.09,0.01181921259957475
name-fatema-cloud,27,1626705053.09,0.010995081745091704
name-fatema-cloud,28,1626705054.09,0.010957635293342786
name-fatema-cloud,29,1626705055.09,0.009304572137846223
name-fatema-cloud,30,1626705056.09,0.010137335887111546
name-fatema-device-coap,0,1626705026.09,0.011801903143454993
name-fatema-device-coap,1,1626705027.09,0.011725886014600376
name-fatema-device-coap,2,1626705028.09,0.012580411796609842
name-fatema-device-coap,3,1626705029.09,0.015076139593845175
name-fatema-device-coap,4,1626705030.09,0.01760532782355092
name-fatema-device-coap,5,1626705031.09,0.019259005465035613
name-fatema-device-coap,6,1626705032.09,0.02013878507373903
name-fatema-device-coap,7,1626705033.09,0.022748937564130278
name-fatema-device-coap,8,1626705034.09,0.021865266482454244
name-fatema-device-coap,9,1626705035.09,0.01935727780117708
name-fatema-device-coap,10,1626705036.09,0.013307938369573839
name-fatema-device-coap,11,1626705037.09,0.016083987809289872
name-fatema-device-coap,12,1626705038.09,0.01689168144511984
name-fatema-device-coap,13,1626705039.09,0.0253668823521207
name-fatema-device-coap,14,1626705040.09,0.02176574978532649
name-fatema-device-coap,15,1626705041.09,0.022473543805001033
name-fatema-device-coap,16,1626705042.09,0.01589579662975602
name-fatema-device-coap,17,1626705043.09,0.01590835944382637
name-fatema-device-coap,18,1626705044.09,0.01603389875748516
name-fatema-device-coap,19,1626705045.09,0.01338819521031532
name-fatema-device-coap,20,1626705046.09,0.018413320838456024
name-fatema-device-coap,21,1626705047.09,0.01672127346112946
name-fatema-device-coap,22,1626705048.09,0.017546063651591292
name-fatema-device-coap,23,1626705049.09,0.012520938023450586
name-fatema-device-coap,24,1626705050.09,0.011687938056787254
name-fatema-device-coap,25,1626705051.09,0.013440074808924006
name-fatema-device-coap,26,1626705052.09,0.017712707005439577
name-fatema-device-coap,27,1626705053.09,0.019354287830188718
name-fatema-device-coap,28,1626705054.09,0.016819927996833912
name-fatema-device-coap,29,1626705055.09,0.01746576072251203
name-fatema-device-coap,30,1626705056.09,0.015876003707215727
name-fatema-gateway-coap,0,1626705026.09,0.018061682727218267
name-fatema-gateway-coap,1,1626705027.09,0.01762258840734978
name-fatema-gateway-coap,2,1626705028.09,0.02717200891471174
name-fatema-gateway-coap,3,1626705029.09,0.03982754827412162
name-fatema-gateway-coap,4,1626705030.09,0.050956121023696954
name-fatema-gateway-coap,5,1626705031.09,0.051384441841294634
name-fatema-gateway-coap,6,1626705032.09,0.03448343736018964
name-fatema-gateway-coap,7,1626705033.09,0.02327213208096575
name-fatema-gateway-coap,8,1626705034.09,0.013546540212516736
name-fatema-gateway-coap,9,1626705035.09,0.01312695873967424
name-fatema-gateway-coap,10,1626705036.09,0.011810408496977674
name-fatema-gateway-coap,11,1626705037.09,0.014293567037683865
name-fatema-gateway-coap,12,1626705038.09,0.014385177952530493
name-fatema-gateway-coap,13,1626705039.09,0.015806258406925792
name-fatema-gateway-coap,14,1626705040.09,0.013450069892461978
name-fatema-gateway-coap,15,1626705041.09,0.011735665357672311
name-fatema-gateway-coap,16,1626705042.09,0.013651176153581884
name-fatema-gateway-coap,17,1626705043.09,0.014501380024457729
name-fatema-gateway-coap,18,1626705044.09,0.017480024680977903
name-fatema-gateway-coap,19,1626705045.09,0.01427657034131502
name-fatema-gateway-coap,20,1626705046.09,0.013094235690642567
name-fatema-gateway-coap,21,1626705047.09,0.010128016523494512
name-fatema-gateway-coap,22,1626705048.09,0.011846095398933795
name-fatema-gateway-coap,23,1626705049.09,0.01095733666753547
name-fatema-gateway-coap,24,1626705050.09,0.013198959770388343
name-fatema-gateway-coap,25,1626705051.09,0.0130315534920321
name-fatema-gateway-coap,26,1626705052.09,0.017815079263854332
name-fatema-gateway-coap,27,1626705053.09,0.013830803117939008
name-fatema-gateway-coap,28,1626705054.09,0.014448343709091649
name-fatema-gateway-coap,29,1626705055.09,0.009311324521101715
name-fatema-gateway-coap,30,1626705056.09,0.010990721909365266
