metric,num,timestamp,value
type-cloud,0,1626705277.848,1
type-cloud,1,1626705278.848,1
type-cloud,2,1626705279.848,1
type-cloud,3,1626705280.848,1
type-cloud,4,1626705281.848,1
type-cloud,5,1626705282.848,1
type-cloud,6,1626705283.848,1
type-cloud,7,1626705284.848,1
type-cloud,8,1626705285.848,1
type-cloud,9,1626705286.848,1
type-cloud,10,1626705287.848,1
type-cloud,11,1626705288.848,1
type-cloud,12,1626705289.848,1
type-cloud,13,1626705290.848,1
type-cloud,14,1626705291.848,1
type-cloud,15,1626705292.848,1
type-cloud,16,1626705293.848,1
type-cloud,17,1626705294.848,1
type-cloud,18,1626705295.848,1
type-cloud,19,1626705296.848,1
type-cloud,20,1626705297.848,1
type-cloud,21,1626705298.848,1
type-cloud,22,1626705299.848,1
type-cloud,23,1626705300.848,1
type-cloud,24,1626705301.848,1
type-cloud,25,1626705302.848,1
type-cloud,26,1626705303.848,1
type-cloud,27,1626705304.848,1
type-cloud,28,1626705305.848,1
type-cloud,29,1626705306.848,1
type-cloud,30,1626705307.848,1
type-device-error-activation,0,1626705277.848,1
type-device-error-activation,1,1626705278.848,1
type-device-error-activation,2,1626705279.848,1
type-device-error-activation,3,1626705280.848,1
type-device-error-activation,4,1626705281.848,1
type-device-error-activation,5,1626705282.848,1
type-device-error-activation,6,1626705283.848,1
type-device-error-activation,7,1626705284.848,1
type-device-error-activation,8,1626705285.848,1
type-device-error-activation,9,1626705286.848,1
type-device-error-activation,10,1626705287.848,1
type-device-error-activation,11,1626705288.848,1
type-device-error-activation,12,1626705289.848,1
type-device-error-activation,13,1626705290.848,1
type-device-error-activation,14,1626705291.848,1
type-device-error-activation,15,1626705292.848,1
type-device-error-activation,16,1626705293.848,1
type-device-error-activation,17,1626705294.848,1
type-device-error-activation,18,1626705295.848,1
type-device-error-activation,19,1626705296.848,1
type-device-error-activation,20,1626705297.848,1
type-device-error-activation,21,1626705298.848,1
type-device-error-activation,22,1626705299.848,1
type-device-error-activation,23,1626705300.848,1
type-device-error-activation,24,1626705301.848,1
type-device-error-activation,25,1626705302.848,1
type-device-error-activation,26,1626705303.848,1
type-device-error-activation,27,1626705304.848,1
type-device-error-activation,28,1626705305.848,1
type-device-error-activation,29,1626705306.848,1
type-device-error-activation,30,1626705307.848,1
type-device-error-resolution,0,1626705277.848,1
type-device-error-resolution,1,1626705278.848,1
type-device-error-resolution,2,1626705279.848,1
type-device-error-resolution,3,1626705280.848,1
type-device-error-resolution,4,1626705281.848,1
type-device-error-resolution,5,1626705282.848,1
type-device-error-resolution,6,1626705283.848,1
type-device-error-resolution,7,1626705284.848,1
type-device-error-resolution,8,1626705285.848,1
type-device-error-resolution,9,1626705286.848,1
type-device-error-resolution,10,1626705287.848,1
type-device-error-resolution,11,1626705288.848,1
type-device-error-resolution,12,1626705289.848,1
type-device-error-resolution,13,1626705290.848,1
type-device-error-resolution,14,1626705291.848,1
type-device-error-resolution,15,1626705292.848,1
type-device-error-resolution,16,1626705293.848,1
type-device-error-resolution,17,1626705294.848,1
type-device-error-resolution,18,1626705295.848,1
type-device-error-resolution,19,1626705296.848,1
type-device-error-resolution,20,1626705297.848,1
type-device-error-resolution,21,1626705298.848,1
type-device-error-resolution,22,1626705299.848,1
type-device-error-resolution,23,1626705300.848,1
type-device-error-resolution,24,1626705301.848,1
type-device-error-resolution,25,1626705302.848,1
type-device-error-resolution,26,1626705303.848,1
type-device-error-resolution,27,1626705304.848,1
type-device-error-resolution,28,1626705305.848,1
type-device-error-resolution,29,1626705306.848,1
type-device-error-resolution,30,1626705307.848,1
