metric,num,timestamp,value
name-fatema-cloud,0,1626705277.848,0.01341936951299692
name-fatema-cloud,1,1626705278.848,0.012560657388628153
name-fatema-cloud,2,1626705279.848,0.013517212978070823
name-fatema-cloud,3,1626705280.848,0.01270408276997654
name-fatema-cloud,4,1626705281.848,0.01120069773349519
name-fatema-cloud,5,1626705282.848,0.010101500249385336
name-fatema-cloud,6,1626705283.848,0.01097317548171129
name-fatema-cloud,7,1626705284.848,0.010862312729820564
name-fatema-cloud,8,1626705285.848,0.010098634389578427
name-fatema-cloud,9,1626705286.848,0.01178213607308011
name-fatema-cloud,10,1626705287.848,0.010974232153436445
name-fatema-cloud,11,1626705288.848,0.012665462878605174
name-fatema-cloud,12,1626705289.848,0.010969271483921317
name-fatema-cloud,13,1626705290.848,0.014293843737064996
name-fatema-cloud,14,1626705291.848,0.015188111270400956
name-fatema-cloud,15,1626705292.848,0.014419309999087122
name-fatema-cloud,16,1626705293.848,0.013672193598750887
name-fatema-cloud,17,1626705294.848,0.011102968720354489
name-fatema-cloud,18,1626705295.848,0.010164399405420592
name-fatema-cloud,19,1626705296.848,0.008416487805547483
name-fatema-cloud,20,1626705297.848,0.00921498293393952
name-fatema-cloud,21,1626705298.848,0.009127955521737905
name-fatema-cloud,22,1626705299.848,0.010264860114987947
name-fatema-cloud,23,1626705300.848,0.010416465530736576
name-fatema-cloud,24,1626705301.848,0.01105353985486315
name-fatema-cloud,25,1626705302.848,0.011841004825094106
name-fatema-cloud,26,1626705303.848,0.01578953159739631
name-fatema-cloud,27,1626705304.848,0.015039044975235831
name-fatema-cloud,28,1626705305.848,0.01342286293081197
name-fatema-cloud,29,1626705306.848,0.008427992866752675
name-fatema-cloud,30,1626705307.848,0.009092766241613037
name-fatema-device-coap,0,1626705277.848,0.014320830503872011
name-fatema-device-coap,1,1626705278.848,0.01426848762572357
name-fatema-device-coap,2,1626705279.848,0.02421848128660442
name-fatema-device-coap,3,1626705280.848,0.024320266955663424
name-fatema-device-coap,4,1626705281.848,0.02346142146608632
name-fatema-device-coap,5,1626705282.848,0.01264278595206679
name-fatema-device-coap,6,1626705283.848,0.011741169681182132
name-fatema-device-coap,7,1626705284.848,0.020903778887301126
name-fatema-device-coap,8,1626705285.848,0.022577618174692213
name-fatema-device-coap,9,1626705286.848,0.021774861757928258
name-fatema-device-coap,10,1626705287.848,0.01605643668127258
name-fatema-device-coap,11,1626705288.848,0.020302784203482173
name-fatema-device-coap,12,1626705289.848,0.020319425961195358
name-fatema-device-coap,13,1626705290.848,0.016867467997531964
name-fatema-device-coap,14,1626705291.848,0.012709485849859094
name-fatema-device-coap,15,1626705292.848,0.01267599822800623
name-fatema-device-coap,16,1626705293.848,0.013538085073879727
name-fatema-device-coap,17,1626705294.848,0.020258566254092183
name-fatema-device-coap,18,1626705295.848,0.03517150157747527
name-fatema-device-coap,19,1626705296.848,0.045359929134810836
name-fatema-device-coap,20,1626705297.848,0.04027563308298679
name-fatema-device-coap,21,1626705298.848,0.026161914558699605
name-fatema-device-coap,22,1626705299.848,0.014298531011687238
name-fatema-device-coap,23,1626705300.848,0.012606134803565192
name-fatema-device-coap,24,1626705301.848,0.01261433820109462
name-fatema-device-coap,25,1626705302.848,0.014255369074582195
name-fatema-device-coap,26,1626705303.848,0.01670498773890667
name-fatema-device-coap,27,1626705304.848,0.015004395943231916
name-fatema-device-coap,28,1626705305.848,0.01343459230023508
name-fatema-device-coap,29,1626705306.848,0.011001936194005218
name-fatema-device-coap,30,1626705307.848,0.013577696320716174
name-fatema-gateway-coap,0,1626705277.848,0.008434632730288735
name-fatema-gateway-coap,1,1626705278.848,0.008389689185736522
name-fatema-gateway-coap,2,1626705279.848,0.008354609774719834
name-fatema-gateway-coap,3,1626705280.848,0.01093180924356666
name-fatema-gateway-coap,4,1626705281.848,0.010965830658985553
name-fatema-gateway-coap,5,1626705282.848,0.02035131441579778
name-fatema-gateway-coap,6,1626705283.848,0.03465445682729284
name-fatema-gateway-coap,7,1626705284.848,0.049390196638586015
name-fatema-gateway-coap,8,1626705285.848,0.041970350432188004
name-fatema-gateway-coap,9,1626705286.848,0.026859375516801554
name-fatema-gateway-coap,10,1626705287.848,0.012922865589447531
name-fatema-gateway-coap,11,1626705288.848,0.011832862342083876
name-fatema-gateway-coap,12,1626705289.848,0.01263963750910814
name-fatema-gateway-coap,13,1626705290.848,0.011848735289634493
name-fatema-gateway-coap,14,1626705291.848,0.014327499240479661
name-fatema-gateway-coap,15,1626705292.848,0.011824271021620066
name-fatema-gateway-coap,16,1626705293.848,0.013469570837695805
name-fatema-gateway-coap,17,1626705294.848,0.011880401078883189
name-fatema-gateway-coap,18,1626705295.848,0.012667736348977079
name-fatema-gateway-coap,19,1626705296.848,0.011066182709141965
name-fatema-gateway-coap,20,1626705297.848,0.012680861364021852
name-fatema-gateway-coap,21,1626705298.848,0.011855334403030084
name-fatema-gateway-coap,22,1626705299.848,0.0118398696084543
name-fatema-gateway-coap,23,1626705300.848,0.012223539945095672
name-fatema-gateway-coap,24,1626705301.848,0.013857203311432307
name-fatema-gateway-coap,25,1626705302.848,0.013778867076756948
name-fatema-gateway-coap,26,1626705303.848,0.01661582467742137
name-fatema-gateway-coap,27,1626705304.848,0.01581444245586588
name-fatema-gateway-coap,28,1626705305.848,0.015849006792216964
name-fatema-gateway-coap,29,1626705306.848,0.009295304508421306
name-fatema-gateway-coap,30,1626705307.848,0.01094237573677332
