order,metrics,1,2
1,Error Activated,1626705283065.0,1626705293061.0
2, Error Resolved,1626705288078.0,1626705303096.0
3,Error Detected FaTEMa,1626705283412.0,1626705293185.0
4,Error Resolved FaTEMa,1626705288384.0,1626705303411.0
5,Error Detection,347.0,124.0
6,Error Resolution,306.0,315.0
7,Total Req,1143.0,1143.0
8,Total Sucess,860.0,860.0
9,Total Error,2.0,2.0
10,Total Handled,281.0,281.0
11,% Sucess,75.2405949256343,75.2405949256343
12,% Error,0.17497812773403326,0.17497812773403326
13,%Handled,24.58442694663167,24.58442694663167
14,Total Success Cloud,861.0,861.0
15,Total Error Cloud,2.0,2.0
16,Total Handled Cloud,281.0,281.0
17,Total Detected Cloud,4.0,4.0
18,FaTEMa Time,35.0,35.0
19,Injected,283.0,283.0
20,Real Injected,273.0,273.0
