metric,num,timestamp,value
name-fatema-cloud,0,1626705529.235,0.009265449350085669
name-fatema-cloud,1,1626705530.235,0.009325774015874299
name-fatema-cloud,2,1626705531.235,0.0092867561985677
name-fatema-cloud,3,1626705532.235,0.007620875885736642
name-fatema-cloud,4,1626705533.235,0.008400523865469002
name-fatema-cloud,5,1626705534.235,0.008429587685556596
name-fatema-cloud,6,1626705535.235,0.012569728352473294
name-fatema-cloud,7,1626705536.235,0.01258407124425868
name-fatema-cloud,8,1626705537.235,0.014267572927760364
name-fatema-cloud,9,1626705538.235,0.010930197497361677
name-fatema-cloud,10,1626705539.235,0.010921653723161262
name-fatema-cloud,11,1626705540.235,0.013217119325308758
name-fatema-cloud,12,1626705541.235,0.012429584431468497
name-fatema-cloud,13,1626705542.235,0.012433772036158615
name-fatema-cloud,14,1626705543.235,0.008459294956004663
name-fatema-cloud,15,1626705544.235,0.009200603643824905
name-fatema-cloud,16,1626705545.235,0.01079459978938287
name-fatema-cloud,17,1626705546.235,0.010790239070736438
name-fatema-cloud,18,1626705547.235,0.012597801905545221
name-fatema-cloud,19,1626705548.235,0.010145430133929937
name-fatema-cloud,20,1626705549.235,0.01014543013392994
name-fatema-cloud,21,1626705550.235,0.00835075683814114
name-fatema-cloud,22,1626705551.235,0.011760922008814567
name-fatema-cloud,23,1626705552.235,0.012611089057541493
name-fatema-cloud,24,1626705553.235,0.012585962166742959
name-fatema-cloud,25,1626705554.235,0.010898356450637263
name-fatema-cloud,26,1626705555.235,0.01084950392208046
name-fatema-cloud,27,1626705556.235,0.010951224548621468
name-fatema-cloud,28,1626705557.235,0.012559100283596593
name-fatema-cloud,29,1626705558.235,0.012550467388814313
name-fatema-cloud,30,1626705559.235,0.01587421368707524
name-fatema-device-coap,0,1626705529.235,0.02346515656289054
name-fatema-device-coap,1,1626705530.235,0.026937895386961175
name-fatema-device-coap,2,1626705531.235,0.025232194940872484
name-fatema-device-coap,3,1626705532.235,0.015263276260593758
name-fatema-device-coap,4,1626705533.235,0.011119372804685237
name-fatema-device-coap,5,1626705534.235,0.024625754693953276
name-fatema-device-coap,6,1626705535.235,0.0269850265004071
name-fatema-device-coap,7,1626705536.235,0.041363858113080895
name-fatema-device-coap,8,1626705537.235,0.029536617859444707
name-fatema-device-coap,9,1626705538.235,0.02624567334093379
name-fatema-device-coap,10,1626705539.235,0.012614463281152292
name-fatema-device-coap,11,1626705540.235,0.01576254343203992
name-fatema-device-coap,12,1626705541.235,0.017424636623207052
name-fatema-device-coap,13,1626705542.235,0.021644204431043437
name-fatema-device-coap,14,1626705543.235,0.018522683090612658
name-fatema-device-coap,15,1626705544.235,0.0160102497633911
name-fatema-device-coap,16,1626705545.235,0.013414078954520726
name-fatema-device-coap,17,1626705546.235,0.012521160451277942
name-fatema-device-coap,18,1626705547.235,0.015021159149836516
name-fatema-device-coap,19,1626705548.235,0.015119780506552232
name-fatema-device-coap,20,1626705549.235,0.014298884984164175
name-fatema-device-coap,21,1626705550.235,0.013436108338605902
name-fatema-device-coap,22,1626705551.235,0.012589177491675055
name-fatema-device-coap,23,1626705552.235,0.01263335168973386
name-fatema-device-coap,24,1626705553.235,0.015214534677240566
name-fatema-device-coap,25,1626705554.235,0.014330696293402181
name-fatema-device-coap,26,1626705555.235,0.020132094739707347
name-fatema-device-coap,27,1626705556.235,0.016738476037267365
name-fatema-device-coap,28,1626705557.235,0.016797742167962065
name-fatema-device-coap,29,1626705558.235,0.010926946436140214
name-fatema-device-coap,30,1626705559.235,0.01173938215107349
name-fatema-gateway-coap,0,1626705529.235,0.014252020076330547
name-fatema-gateway-coap,1,1626705530.235,0.01346045423173267
name-fatema-gateway-coap,2,1626705531.235,0.013439175226246916
name-fatema-gateway-coap,3,1626705532.235,0.010100269458560298
name-fatema-gateway-coap,4,1626705533.235,0.010963428792645688
name-fatema-gateway-coap,5,1626705534.235,0.012621803585348841
name-fatema-gateway-coap,6,1626705535.235,0.018187974025262815
name-fatema-gateway-coap,7,1626705536.235,0.015071736641900896
name-fatema-gateway-coap,8,1626705537.235,0.016096034219037294
name-fatema-gateway-coap,9,1626705538.235,0.010909473558507424
name-fatema-gateway-coap,10,1626705539.235,0.014259725244092492
name-fatema-gateway-coap,11,1626705540.235,0.015080495763355475
name-fatema-gateway-coap,12,1626705541.235,0.01425830661045365
name-fatema-gateway-coap,13,1626705542.235,0.011651445277900935
name-fatema-gateway-coap,14,1626705543.235,0.009302225281902976
name-fatema-gateway-coap,15,1626705544.235,0.00908193892407593
name-fatema-gateway-coap,16,1626705545.235,0.011687776188500651
name-fatema-gateway-coap,17,1626705546.235,0.012503375722941919
name-fatema-gateway-coap,18,1626705547.235,0.011515542995172977
name-fatema-gateway-coap,19,1626705548.235,0.01181647083401257
name-fatema-gateway-coap,20,1626705549.235,0.011808095624632337
name-fatema-gateway-coap,21,1626705550.235,0.0117780317307568
name-fatema-gateway-coap,22,1626705551.235,0.010884983278350397
name-fatema-gateway-coap,23,1626705552.235,0.01102237303251789
name-fatema-gateway-coap,24,1626705553.235,0.012109614211712081
name-fatema-gateway-coap,25,1626705554.235,0.012637035675124846
name-fatema-gateway-coap,26,1626705555.235,0.013021238922019798
name-fatema-gateway-coap,27,1626705556.235,0.014350883982984803
name-fatema-gateway-coap,28,1626705557.235,0.014226157162588092
name-fatema-gateway-coap,29,1626705558.235,0.012546504021692837
name-fatema-gateway-coap,30,1626705559.235,0.009128332780830343
