order,metrics,1,2
1,Error Activated,1626705534463.0,1626705544460.0
2, Error Resolved,1626705539475.0,1626705554470.0
3,Error Detected FaTEMa,1626705534612.0,1626705544483.0
4,Error Resolved FaTEMa,1626705539703.0,1626705554687.0
5,Error Detection,149.0,23.0
6,Error Resolution,228.0,217.0
7,Total Req,1133.0,1133.0
8,Total Sucess,814.0,814.0
9,Total Error,2.0,2.0
10,Total Handled,317.0,317.0
11,% Sucess,71.84466019417476,71.84466019417476
12,% Error,0.176522506619594,0.176522506619594
13,%Handled,27.978817299205648,27.978817299205648
14,Total Success Cloud,814.0,814.0
15,Total Error Cloud,2.0,2.0
16,Total Handled Cloud,317.0,317.0
17,Total Detected Cloud,1.0,1.0
18,FaTEMa Time,34.0,34.0
19,Injected,319.0,319.0
20,Real Injected,311.0,311.0
