metric,num,timestamp,value
name-fatema-cloud,0,1626705777.175,0.00940476194692496
name-fatema-cloud,1,1626705778.175,0.012025296971389396
name-fatema-cloud,2,1626705779.175,0.012802585555191754
name-fatema-cloud,3,1626705780.175,0.012866328538123136
name-fatema-cloud,4,1626705781.175,0.012785762637724147
name-fatema-cloud,5,1626705782.175,0.009368519897173135
name-fatema-cloud,6,1626705783.175,0.011915749759573172
name-fatema-cloud,7,1626705784.175,0.011959762946390085
name-fatema-cloud,8,1626705785.175,0.012834706716070695
name-fatema-cloud,9,1626705786.175,0.01467705387584539
name-fatema-cloud,10,1626705787.175,0.017122722219888045
name-fatema-cloud,11,1626705788.175,0.01881476959721461
name-fatema-cloud,12,1626705789.175,0.01521526810037572
name-fatema-cloud,13,1626705790.175,0.012695282895267591
name-fatema-cloud,14,1626705791.175,0.012958844920358939
name-fatema-cloud,15,1626705792.175,0.015492686082621394
name-fatema-cloud,16,1626705793.175,0.017245473622210964
name-fatema-cloud,17,1626705794.175,0.014417809033017055
name-fatema-cloud,18,1626705795.175,0.011940271615188108
name-fatema-cloud,19,1626705796.175,0.007653817328733823
name-fatema-cloud,20,1626705797.175,0.008552443526536791
name-fatema-cloud,21,1626705798.175,0.009397976067711214
name-fatema-cloud,22,1626705799.175,0.00941205068704899
name-fatema-cloud,23,1626705800.175,0.009412005032390869
name-fatema-cloud,24,1626705801.175,0.00861045749844373
name-fatema-cloud,25,1626705802.175,0.012822097003297233
name-fatema-cloud,26,1626705803.175,0.014531682758039498
name-fatema-cloud,27,1626705804.175,0.013659082408999358
name-fatema-cloud,28,1626705805.175,0.011200330344855902
name-fatema-cloud,29,1626705806.175,0.008636227780753339
name-fatema-cloud,30,1626705807.175,0.011122522532824537
name-fatema-device-coap,0,1626705777.175,0.012729379099937476
name-fatema-device-coap,1,1626705778.175,0.022044096826547878
name-fatema-device-coap,2,1626705779.175,0.021130298471384916
name-fatema-device-coap,3,1626705780.175,0.022914196879490187
name-fatema-device-coap,4,1626705781.175,0.018648045387782378
name-fatema-device-coap,5,1626705782.175,0.019619078175179768
name-fatema-device-coap,6,1626705783.175,0.020394833070020046
name-fatema-device-coap,7,1626705784.175,0.01621378555977903
name-fatema-device-coap,8,1626705785.175,0.01444292151326234
name-fatema-device-coap,9,1626705786.175,0.012716860530493597
name-fatema-device-coap,10,1626705787.175,0.012729942686432896
name-fatema-device-coap,11,1626705788.175,0.03059140199096689
name-fatema-device-coap,12,1626705789.175,0.03060383335945338
name-fatema-device-coap,13,1626705790.175,0.030527292984405537
name-fatema-device-coap,14,1626705791.175,0.012639536554227062
name-fatema-device-coap,15,1626705792.175,0.010943216329988055
name-fatema-device-coap,16,1626705793.175,0.01679383079342872
name-fatema-device-coap,17,1626705794.175,0.01596625630606042
name-fatema-device-coap,18,1626705795.175,0.01684258433974886
name-fatema-device-coap,19,1626705796.175,0.01769978367343628
name-fatema-device-coap,20,1626705797.175,0.017716264492568055
name-fatema-device-coap,21,1626705798.175,0.018562422364211306
name-fatema-device-coap,22,1626705799.175,0.01793608329758087
name-fatema-device-coap,23,1626705800.175,0.018825941034218772
name-fatema-device-coap,24,1626705801.175,0.017979783847182566
name-fatema-device-coap,25,1626705802.175,0.012838361695451137
name-fatema-device-coap,26,1626705803.175,0.017935770660365655
name-fatema-device-coap,27,1626705804.175,0.017072391955020187
name-fatema-device-coap,28,1626705805.175,0.01616130827515889
name-fatema-device-coap,29,1626705806.175,0.010912385691741534
name-fatema-device-coap,30,1626705807.175,0.0126892637844091
name-fatema-gateway-coap,0,1626705777.175,0.01617937638973115
name-fatema-gateway-coap,1,1626705778.175,0.00804114096356814
name-fatema-gateway-coap,2,1626705779.175,0.008487513220035648
name-fatema-gateway-coap,3,1626705780.175,0.007694734768448827
name-fatema-gateway-coap,4,1626705781.175,0.011915460446388281
name-fatema-gateway-coap,5,1626705782.175,0.011968069873997709
name-fatema-gateway-coap,6,1626705783.175,0.016129375384649362
name-fatema-gateway-coap,7,1626705784.175,0.015368394514642673
name-fatema-gateway-coap,8,1626705785.175,0.015375319622139672
name-fatema-gateway-coap,9,1626705786.175,0.011769000208787435
name-fatema-gateway-coap,10,1626705787.175,0.013172627015206943
name-fatema-gateway-coap,11,1626705788.175,0.01547280062253062
name-fatema-gateway-coap,12,1626705789.175,0.014449818758987203
name-fatema-gateway-coap,13,1626705790.175,0.015247017368647132
name-fatema-gateway-coap,14,1626705791.175,0.012278996391887446
name-fatema-gateway-coap,15,1626705792.175,0.013517675915551301
name-fatema-gateway-coap,16,1626705793.175,0.01098514333104983
name-fatema-gateway-coap,17,1626705794.175,0.010195899843751226
name-fatema-gateway-coap,18,1626705795.175,0.010183512993202758
name-fatema-gateway-coap,19,1626705796.175,0.010153016800540132
name-fatema-gateway-coap,20,1626705797.175,0.009342257590193699
name-fatema-gateway-coap,21,1626705798.175,0.010184963441442537
name-fatema-gateway-coap,22,1626705799.175,0.009429509127947086
name-fatema-gateway-coap,23,1626705800.175,0.010289700171795929
name-fatema-gateway-coap,24,1626705801.175,0.010323226747789405
name-fatema-gateway-coap,25,1626705802.175,0.009439502267660072
name-fatema-gateway-coap,26,1626705803.175,0.015418663115643973
name-fatema-gateway-coap,27,1626705804.175,0.015499634775562997
name-fatema-gateway-coap,28,1626705805.175,0.017694982114406968
name-fatema-gateway-coap,29,1626705806.175,0.012923509954505615
name-fatema-gateway-coap,30,1626705807.175,0.024289536393463016
