order,metrics,1,2
1,Error Activated,1626705782381.0,1626705792379.0
2, Error Resolved,1626705787393.0,1626705802393.0
3,Error Detected FaTEMa,1626705782510.0,1626705792683.0
4,Error Resolved FaTEMa,1626705787575.0,1626705802581.0
5,Error Detection,129.0,304.0
6,Error Resolution,182.0,188.0
7,Total Req,1134.0,1134.0
8,Total Sucess,816.0,816.0
9,Total Error,7.0,7.0
10,Total Handled,311.0,311.0
11,% Sucess,71.95767195767195,71.95767195767195
12,% Error,0.6172839506172839,0.6172839506172839
13,%Handled,27.42504409171076,27.42504409171076
14,Total Success Cloud,822.0,822.0
15,Total Error Cloud,7.0,7.0
16,Total Handled Cloud,311.0,311.0
17,Total Detected Cloud,3.0,3.0
18,FaTEMa Time,23.333333333333332,23.333333333333332
19,Injected,318.0,318.0
20,Real Injected,304.0,304.0
