metric,num,timestamp,value
type-cloud,0,1626705998.771,1
type-cloud,1,1626705999.771,1
type-cloud,2,1626706000.771,1
type-cloud,3,1626706001.771,1
type-cloud,4,1626706002.771,1
type-cloud,5,1626706003.771,1
type-cloud,6,1626706004.771,1
type-cloud,7,1626706005.771,1
type-cloud,8,1626706006.771,1
type-cloud,9,1626706007.771,1
type-cloud,10,1626706008.771,1
type-cloud,11,1626706009.771,1
type-cloud,12,1626706010.771,1
type-cloud,13,1626706011.771,1
type-cloud,14,1626706012.771,1
type-cloud,15,1626706013.771,1
type-cloud,16,1626706014.771,1
type-cloud,17,1626706015.771,1
type-cloud,18,1626706016.771,1
type-cloud,19,1626706017.771,1
type-cloud,20,1626706018.771,1
type-cloud,21,1626706019.771,1
type-cloud,22,1626706020.771,1
type-cloud,23,1626706021.771,1
type-cloud,24,1626706022.771,1
type-cloud,25,1626706023.771,1
type-cloud,26,1626706024.771,1
type-cloud,27,1626706025.771,1
type-cloud,28,1626706026.771,1
type-cloud,29,1626706027.771,1
type-cloud,30,1626706028.771,1
type-device-error-activation,0,1626705998.771,1
type-device-error-activation,1,1626705999.771,1
type-device-error-activation,2,1626706000.771,1
type-device-error-activation,3,1626706001.771,1
type-device-error-activation,4,1626706002.771,1
type-device-error-activation,5,1626706003.771,1
type-device-error-activation,6,1626706004.771,1
type-device-error-activation,7,1626706005.771,1
type-device-error-activation,8,1626706006.771,1
type-device-error-activation,9,1626706007.771,1
type-device-error-activation,10,1626706008.771,1
type-device-error-activation,11,1626706009.771,1
type-device-error-activation,12,1626706010.771,1
type-device-error-activation,13,1626706011.771,1
type-device-error-activation,14,1626706012.771,1
type-device-error-activation,15,1626706013.771,1
type-device-error-activation,16,1626706014.771,1
type-device-error-activation,17,1626706015.771,1
type-device-error-activation,18,1626706016.771,1
type-device-error-activation,19,1626706017.771,1
type-device-error-activation,20,1626706018.771,1
type-device-error-activation,21,1626706019.771,1
type-device-error-activation,22,1626706020.771,1
type-device-error-activation,23,1626706021.771,1
type-device-error-activation,24,1626706022.771,1
type-device-error-activation,25,1626706023.771,1
type-device-error-activation,26,1626706024.771,1
type-device-error-activation,27,1626706025.771,1
type-device-error-activation,28,1626706026.771,1
type-device-error-activation,29,1626706027.771,1
type-device-error-activation,30,1626706028.771,1
type-device-error-resolution,0,1626705998.771,1
type-device-error-resolution,1,1626705999.771,1
type-device-error-resolution,2,1626706000.771,1
type-device-error-resolution,3,1626706001.771,1
type-device-error-resolution,4,1626706002.771,1
type-device-error-resolution,5,1626706003.771,1
type-device-error-resolution,6,1626706004.771,1
type-device-error-resolution,7,1626706005.771,1
type-device-error-resolution,8,1626706006.771,1
type-device-error-resolution,9,1626706007.771,1
type-device-error-resolution,10,1626706008.771,1
type-device-error-resolution,11,1626706009.771,1
type-device-error-resolution,12,1626706010.771,1
type-device-error-resolution,13,1626706011.771,1
type-device-error-resolution,14,1626706012.771,1
type-device-error-resolution,15,1626706013.771,1
type-device-error-resolution,16,1626706014.771,1
type-device-error-resolution,17,1626706015.771,1
type-device-error-resolution,18,1626706016.771,1
type-device-error-resolution,19,1626706017.771,1
type-device-error-resolution,20,1626706018.771,1
type-device-error-resolution,21,1626706019.771,1
type-device-error-resolution,22,1626706020.771,1
type-device-error-resolution,23,1626706021.771,1
type-device-error-resolution,24,1626706022.771,1
type-device-error-resolution,25,1626706023.771,1
type-device-error-resolution,26,1626706024.771,1
type-device-error-resolution,27,1626706025.771,1
type-device-error-resolution,28,1626706026.771,1
type-device-error-resolution,29,1626706027.771,1
type-device-error-resolution,30,1626706028.771,1
