metric,num,timestamp,value
name-fatema-cloud,0,1626705998.771,0.011876679685614379
name-fatema-cloud,1,1626705999.771,0.011889629027787797
name-fatema-cloud,2,1626706000.771,0.010206347359009393
name-fatema-cloud,3,1626706001.771,0.010986399186181637
name-fatema-cloud,4,1626706002.771,0.011043586522861134
name-fatema-cloud,5,1626706003.771,0.01186789516080284
name-fatema-cloud,6,1626706004.771,0.012759928256248478
name-fatema-cloud,7,1626706005.771,0.013570479658953841
name-fatema-cloud,8,1626706006.771,0.013517486426473881
name-fatema-cloud,9,1626706007.771,0.010993104198679111
name-fatema-cloud,10,1626706008.771,0.010108143270208394
name-fatema-cloud,11,1626706009.771,0.011862080389999172
name-fatema-cloud,12,1626706010.771,0.01264421887314268
name-fatema-cloud,13,1626706011.771,0.014341716553030858
name-fatema-cloud,14,1626706012.771,0.013483130694444997
name-fatema-cloud,15,1626706013.771,0.012641505487148149
name-fatema-cloud,16,1626706014.771,0.01346366620354989
name-fatema-cloud,17,1626706015.771,0.013551378292009919
name-fatema-cloud,18,1626706016.771,0.012756162833392164
name-fatema-cloud,19,1626706017.771,0.01188180815750226
name-fatema-cloud,20,1626706018.771,0.010965484431072921
name-fatema-cloud,21,1626706019.771,0.011811726806389236
name-fatema-cloud,22,1626706020.771,0.008491642169003812
name-fatema-cloud,23,1626706021.771,0.009315330172607859
name-fatema-cloud,24,1626706022.771,0.008464900192601424
name-fatema-cloud,25,1626706023.771,0.01093092307440256
name-fatema-cloud,26,1626706024.771,0.011781482554403663
name-fatema-cloud,27,1626706025.771,0.011696056740188872
name-fatema-cloud,28,1626706026.771,0.010900715015788206
name-fatema-cloud,29,1626706027.771,0.010901119703692895
name-fatema-cloud,30,1626706028.771,0.011003685819001695
name-fatema-device-coap,0,1626705998.771,0.013800270447109105
name-fatema-device-coap,1,1626705999.771,0.013747667937969419
name-fatema-device-coap,2,1626706000.771,0.012896775577400545
name-fatema-device-coap,3,1626706001.771,0.012844795929305503
name-fatema-device-coap,4,1626706002.771,0.01631624751190673
name-fatema-device-coap,5,1626706003.771,0.0204053185229337
name-fatema-device-coap,6,1626706004.771,0.026539159362276618
name-fatema-device-coap,7,1626706005.771,0.02481195233620735
name-fatema-device-coap,8,1626706006.771,0.019815034211976126
name-fatema-device-coap,9,1626706007.771,0.01717854816391267
name-fatema-device-coap,10,1626706008.771,0.016377357421946865
name-fatema-device-coap,11,1626706009.771,0.01801071768780158
name-fatema-device-coap,12,1626706010.771,0.01964101443211881
name-fatema-device-coap,13,1626706011.771,0.018724397445599665
name-fatema-device-coap,14,1626706012.771,0.01626740644539993
name-fatema-device-coap,15,1626706013.771,0.01624907800809887
name-fatema-device-coap,16,1626706014.771,0.01884838447801068
name-fatema-device-coap,17,1626706015.771,0.020592940245049794
name-fatema-device-coap,18,1626706016.771,0.016327043002962074
name-fatema-device-coap,19,1626706017.771,0.01715054029642816
name-fatema-device-coap,20,1626706018.771,0.018838002846214914
name-fatema-device-coap,21,1626706019.771,0.022391938568562503
name-fatema-device-coap,22,1626706020.771,0.019814618980933636
name-fatema-device-coap,23,1626706021.771,0.01900879927085065
name-fatema-device-coap,24,1626706022.771,0.014627986501387916
name-fatema-device-coap,25,1626706023.771,0.01290149611510372
name-fatema-device-coap,26,1626706024.771,0.012830808624636775
name-fatema-device-coap,27,1626706025.771,0.01369845254579871
name-fatema-device-coap,28,1626706026.771,0.01542494293208291
name-fatema-device-coap,29,1626706027.771,0.01375112175181628
name-fatema-device-coap,30,1626706028.771,0.014548991549739494
name-fatema-gateway-coap,0,1626705998.771,0.0076540407668506056
name-fatema-gateway-coap,1,1626705999.771,0.006820879219403343
name-fatema-gateway-coap,2,1626706000.771,0.006798848764660892
name-fatema-gateway-coap,3,1626706001.771,0.007635883977435826
name-fatema-gateway-coap,4,1626706002.771,0.007635883977435826
name-fatema-gateway-coap,5,1626706003.771,0.011116601417111927
name-fatema-gateway-coap,6,1626706004.771,0.013360640648011781
name-fatema-gateway-coap,7,1626706005.771,0.013854153546913613
name-fatema-gateway-coap,8,1626706006.771,0.012631096363755307
name-fatema-gateway-coap,9,1626706007.771,0.011504385597312159
name-fatema-gateway-coap,10,1626706008.771,0.014313112148332714
name-fatema-gateway-coap,11,1626706009.771,0.016065336209311287
name-fatema-gateway-coap,12,1626706010.771,0.015238045608282654
name-fatema-gateway-coap,13,1626706011.771,0.01422495945317065
name-fatema-gateway-coap,14,1626706012.771,0.014340916538722949
name-fatema-gateway-coap,15,1626706013.771,0.015104164360613737
name-fatema-gateway-coap,16,1626706014.771,0.014416357337465083
name-fatema-gateway-coap,17,1626706015.771,0.012657788075084683
name-fatema-gateway-coap,18,1626706016.771,0.011090686123927398
name-fatema-gateway-coap,19,1626706017.771,0.010215433462447836
name-fatema-gateway-coap,20,1626706018.771,0.010155215219559446
name-fatema-gateway-coap,21,1626706019.771,0.010135227473951097
name-fatema-gateway-coap,22,1626706020.771,0.009097283138135633
name-fatema-gateway-coap,23,1626706021.771,0.010164350021240352
name-fatema-gateway-coap,24,1626706022.771,0.01100314237370075
name-fatema-gateway-coap,25,1626706023.771,0.01096938775510204
name-fatema-gateway-coap,26,1626706024.771,0.014050558917034151
name-fatema-gateway-coap,27,1626706025.771,0.013355140560943092
name-fatema-gateway-coap,28,1626706026.771,0.016847174680290313
name-fatema-gateway-coap,29,1626706027.771,0.0123947678747549
name-fatema-gateway-coap,30,1626706028.771,0.013672806915718608
