metric,num,timestamp,value
type-cloud,0,1626706244.62,1
type-cloud,1,1626706245.62,1
type-cloud,2,1626706246.62,1
type-cloud,3,1626706247.62,1
type-cloud,4,1626706248.62,1
type-cloud,5,1626706249.62,1
type-cloud,6,1626706250.62,1
type-cloud,7,1626706251.62,1
type-cloud,8,1626706252.62,1
type-cloud,9,1626706253.62,1
type-cloud,10,1626706254.62,1
type-cloud,11,1626706255.62,1
type-cloud,12,1626706256.62,1
type-cloud,13,1626706257.62,1
type-cloud,14,1626706258.62,1
type-cloud,15,1626706259.62,1
type-cloud,16,1626706260.62,1
type-cloud,17,1626706261.62,1
type-cloud,18,1626706262.62,1
type-cloud,19,1626706263.62,1
type-cloud,20,1626706264.62,1
type-cloud,21,1626706265.62,1
type-cloud,22,1626706266.62,1
type-cloud,23,1626706267.62,1
type-cloud,24,1626706268.62,1
type-cloud,25,1626706269.62,1
type-cloud,26,1626706270.62,1
type-cloud,27,1626706271.62,1
type-cloud,28,1626706272.62,1
type-cloud,29,1626706273.62,1
type-cloud,30,1626706274.62,1
type-device-error-activation,0,1626706244.62,1
type-device-error-activation,1,1626706245.62,1
type-device-error-activation,2,1626706246.62,1
type-device-error-activation,3,1626706247.62,1
type-device-error-activation,4,1626706248.62,1
type-device-error-activation,5,1626706249.62,1
type-device-error-activation,6,1626706250.62,1
type-device-error-activation,7,1626706251.62,1
type-device-error-activation,8,1626706252.62,1
type-device-error-activation,9,1626706253.62,1
type-device-error-activation,10,1626706254.62,1
type-device-error-activation,11,1626706255.62,1
type-device-error-activation,12,1626706256.62,1
type-device-error-activation,13,1626706257.62,1
type-device-error-activation,14,1626706258.62,1
type-device-error-activation,15,1626706259.62,1
type-device-error-activation,16,1626706260.62,1
type-device-error-activation,17,1626706261.62,1
type-device-error-activation,18,1626706262.62,1
type-device-error-activation,19,1626706263.62,1
type-device-error-activation,20,1626706264.62,1
type-device-error-activation,21,1626706265.62,1
type-device-error-activation,22,1626706266.62,1
type-device-error-activation,23,1626706267.62,1
type-device-error-activation,24,1626706268.62,1
type-device-error-activation,25,1626706269.62,1
type-device-error-activation,26,1626706270.62,1
type-device-error-activation,27,1626706271.62,1
type-device-error-activation,28,1626706272.62,1
type-device-error-activation,29,1626706273.62,1
type-device-error-activation,30,1626706274.62,1
type-device-error-resolution,0,1626706244.62,1
type-device-error-resolution,1,1626706245.62,1
type-device-error-resolution,2,1626706246.62,1
type-device-error-resolution,3,1626706247.62,1
type-device-error-resolution,4,1626706248.62,1
type-device-error-resolution,5,1626706249.62,1
type-device-error-resolution,6,1626706250.62,1
type-device-error-resolution,7,1626706251.62,1
type-device-error-resolution,8,1626706252.62,1
type-device-error-resolution,9,1626706253.62,1
type-device-error-resolution,10,1626706254.62,1
type-device-error-resolution,11,1626706255.62,1
type-device-error-resolution,12,1626706256.62,1
type-device-error-resolution,13,1626706257.62,1
type-device-error-resolution,14,1626706258.62,1
type-device-error-resolution,15,1626706259.62,1
type-device-error-resolution,16,1626706260.62,1
type-device-error-resolution,17,1626706261.62,1
type-device-error-resolution,18,1626706262.62,1
type-device-error-resolution,19,1626706263.62,1
type-device-error-resolution,20,1626706264.62,1
type-device-error-resolution,21,1626706265.62,1
type-device-error-resolution,22,1626706266.62,1
type-device-error-resolution,23,1626706267.62,1
type-device-error-resolution,24,1626706268.62,1
type-device-error-resolution,25,1626706269.62,1
type-device-error-resolution,26,1626706270.62,1
type-device-error-resolution,27,1626706271.62,1
type-device-error-resolution,28,1626706272.62,1
type-device-error-resolution,29,1626706273.62,1
type-device-error-resolution,30,1626706274.62,1
