metric,num,timestamp,value
name-fatema-cloud,0,1626706244.62,0.011027536800718342
name-fatema-cloud,1,1626706245.62,0.011004323492406511
name-fatema-cloud,2,1626706246.62,0.008467456149154302
name-fatema-cloud,3,1626706247.62,0.009277451090895748
name-fatema-cloud,4,1626706248.62,0.008428829227154858
name-fatema-cloud,5,1626706249.62,0.00937621469155492
name-fatema-cloud,6,1626706250.62,0.011033635128115666
name-fatema-cloud,7,1626706251.62,0.015781907171606015
name-fatema-cloud,8,1626706252.62,0.01678625673949813
name-fatema-cloud,9,1626706253.62,0.01663551434400278
name-fatema-cloud,10,1626706254.62,0.013541134013774605
name-fatema-cloud,11,1626706255.62,0.014228741911484384
name-fatema-cloud,12,1626706256.62,0.011773620294410345
name-fatema-cloud,13,1626706257.62,0.011028913515365208
name-fatema-cloud,14,1626706258.62,0.010143995516596593
name-fatema-cloud,15,1626706259.62,0.011663385589327956
name-fatema-cloud,16,1626706260.62,0.012902116596130313
name-fatema-cloud,17,1626706261.62,0.012043960300873806
name-fatema-cloud,18,1626706262.62,0.011421286191357592
name-fatema-cloud,19,1626706263.62,0.01100012900258233
name-fatema-cloud,20,1626706264.62,0.010995255450602242
name-fatema-cloud,21,1626706265.62,0.010911548795341591
name-fatema-cloud,22,1626706266.62,0.010150696934747117
name-fatema-cloud,23,1626706267.62,0.01018056523453645
name-fatema-cloud,24,1626706268.62,0.009443628911793718
name-fatema-cloud,25,1626706269.62,0.012746953446735897
name-fatema-cloud,26,1626706270.62,0.014448027491672111
name-fatema-cloud,27,1626706271.62,0.013611545917814098
name-fatema-cloud,28,1626706272.62,0.010222871100567854
name-fatema-cloud,29,1626706273.62,0.010123545534693223
name-fatema-cloud,30,1626706274.62,0.012583958732482857
name-fatema-device-coap,0,1626706244.62,0.011995838131181736
name-fatema-device-coap,1,1626706245.62,0.011072009784880262
name-fatema-device-coap,2,1626706246.62,0.011807689299853263
name-fatema-device-coap,3,1626706247.62,0.013459238586970802
name-fatema-device-coap,4,1626706248.62,0.017837847693058587
name-fatema-device-coap,5,1626706249.62,0.0265846268803693
name-fatema-device-coap,6,1626706250.62,0.02493294409487884
name-fatema-device-coap,7,1626706251.62,0.022297707307856338
name-fatema-device-coap,8,1626706252.62,0.01283418149904983
name-fatema-device-coap,9,1626706253.62,0.017051170804404374
name-fatema-device-coap,10,1626706254.62,0.01706434287206834
name-fatema-device-coap,11,1626706255.62,0.017814941700015078
name-fatema-device-coap,12,1626706256.62,0.012730168014806297
name-fatema-device-coap,13,1626706257.62,0.013528155402082572
name-fatema-device-coap,14,1626706258.62,0.01186584753578653
name-fatema-device-coap,15,1626706259.62,0.012639440325105156
name-fatema-device-coap,16,1626706260.62,0.013422303223340173
name-fatema-device-coap,17,1626706261.62,0.017717835869388285
name-fatema-device-coap,18,1626706262.62,0.019376127326674715
name-fatema-device-coap,19,1626706263.62,0.016893643716374605
name-fatema-device-coap,20,1626706264.62,0.020286144560338108
name-fatema-device-coap,21,1626706265.62,0.017836993182615304
name-fatema-device-coap,22,1626706266.62,0.019597866534986665
name-fatema-device-coap,23,1626706267.62,0.023664170601290734
name-fatema-device-coap,24,1626706268.62,0.033863832462603355
name-fatema-device-coap,25,1626706269.62,0.03292296365855556
name-fatema-device-coap,26,1626706270.62,0.02276315663307689
name-fatema-device-coap,27,1626706271.62,0.01260692758397469
name-fatema-device-coap,28,1626706272.62,0.01440690291723211
name-fatema-device-coap,29,1626706273.62,0.012835437365322808
name-fatema-device-coap,30,1626706274.62,0.012800550246937263
name-fatema-gateway-coap,0,1626706244.62,0.015998500525127086
name-fatema-gateway-coap,1,1626706245.62,0.015071345953999867
name-fatema-gateway-coap,2,1626706246.62,0.009397188614295893
name-fatema-gateway-coap,3,1626706247.62,0.009252916255785264
name-fatema-gateway-coap,4,1626706248.62,0.008645604176425032
name-fatema-gateway-coap,5,1626706249.62,0.009323321395491973
name-fatema-gateway-coap,6,1626706250.62,0.011865093696775648
name-fatema-gateway-coap,7,1626706251.62,0.014287871106579104
name-fatema-gateway-coap,8,1626706252.62,0.013536316004231561
name-fatema-gateway-coap,9,1626706253.62,0.01205472899582453
name-fatema-gateway-coap,10,1626706254.62,0.01172103524337676
name-fatema-gateway-coap,11,1626706255.62,0.01571118482844273
name-fatema-gateway-coap,12,1626706256.62,0.015975029582470192
name-fatema-gateway-coap,13,1626706257.62,0.016607780543651633
name-fatema-gateway-coap,14,1626706258.62,0.015361935074176422
name-fatema-gateway-coap,15,1626706259.62,0.015067302716281542
name-fatema-gateway-coap,16,1626706260.62,0.016250625080425657
name-fatema-gateway-coap,17,1626706261.62,0.014466756235692766
name-fatema-gateway-coap,18,1626706262.62,0.012331519182782767
name-fatema-gateway-coap,19,1626706263.62,0.010976919048236942
name-fatema-gateway-coap,20,1626706264.62,0.010859114079054434
name-fatema-gateway-coap,21,1626706265.62,0.010202362571807736
name-fatema-gateway-coap,22,1626706266.62,0.009461790535303017
name-fatema-gateway-coap,23,1626706267.62,0.008170416149266588
name-fatema-gateway-coap,24,1626706268.62,0.011836972045067822
name-fatema-gateway-coap,25,1626706269.62,0.01115323659882782
name-fatema-gateway-coap,26,1626706270.62,0.012385093318261204
name-fatema-gateway-coap,27,1626706271.62,0.01031608784511389
name-fatema-gateway-coap,28,1626706272.62,0.013612969619064946
name-fatema-gateway-coap,29,1626706273.62,0.013155360023018625
name-fatema-gateway-coap,30,1626706274.62,0.01438753713598085
