order,metrics,1,2
1,Error Activated,1626706249845.0,1626706259842.0
2, Error Resolved,1626706254858.0,1626706269865.0
3,Error Detected FaTEMa,1626706249908.0,1626706260106.0
4,Error Resolved FaTEMa,1626706255003.0,1626706270003.0
5,Error Detection,63.0,264.0
6,Error Resolution,145.0,138.0
7,Total Req,1132.0,1132.0
8,Total Sucess,829.0,829.0
9,Total Error,1.0,1.0
10,Total Handled,302.0,302.0
11,% Sucess,73.23321554770318,73.23321554770318
12,% Error,0.08833922261484099,0.08833922261484099
13,%Handled,26.67844522968198,26.67844522968198
14,Total Success Cloud,829.0,829.0
15,Total Error Cloud,1.0,1.0
16,Total Handled Cloud,302.0,302.0
17,Total Detected Cloud,1.0,1.0
18,FaTEMa Time,28.0,28.0
19,Injected,303.0,303.0
20,Real Injected,296.0,296.0
