{"name":"arq-fatema","classpathEntries":[{"kind":"binary","path":"/Library/Java/JavaVirtualMachines/openjdk-12.0.1.jdk/Contents/Home/lib/jrt-fs.jar","sourceContainerUrl":"file:/Library/Java/JavaVirtualMachines/openjdk-12.0.1.jdk/Contents/Home/lib/src.zip","javadocContainerUrl":"https://docs.oracle.com/javase/12/docs/api/","isSystem":true,"isOwn":false,"isTest":false,"isJavaContent":false},{"kind":"binary","path":"/Users/mario/.m2/repository/org/springframework/boot/spring-boot-starter-activemq/2.2.0.RELEASE/spring-boot-starter-activemq-2.2.0.RELEASE.jar","sourceContainerUrl":"file:/Users/mario/.m2/repository/org/springframework/boot/spring-boot-starter-activemq/2.2.0.RELEASE/spring-boot-starter-activemq-2.2.0.RELEASE-sources.jar","isSystem":false,"isOwn":false,"isTest":false,"isJavaContent":false},{"kind":"binary","path":"/Users/mario/.m2/repository/org/springframework/boot/spring-boot-starter/2.2.0.RELEASE/spring-boot-starter-2.2.0.RELEASE.jar","sourceContainerUrl":"file:/Users/mario/.m2/repository/org/springframework/boot/spring-boot-starter/2.2.0.RELEASE/spring-boot-starter-2.2.0.RELEASE-sources.jar","isSystem":false,"isOwn":false,"isTest":false,"isJavaContent":false},{"kind":"binary","path":"/Users/mario/.m2/repository/org/springframework/boot/spring-boot/2.2.0.RELEASE/spring-boot-2.2.0.RELEASE.jar","sourceContainerUrl":"file:/Users/mario/.m2/repository/org/springframework/boot/spring-boot/2.2.0.RELEASE/spring-boot-2.2.0.RELEASE-sources.jar","javadocContainerUrl":"file:/Users/mario/.m2/repository/org/springframework/boot/spring-boot/2.2.0.RELEASE/spring-boot-2.2.0.RELEASE-javadoc.jar","isSystem":false,"isOwn":false,"isTest":false,"isJavaContent":false},{"kind":"binary","path":"/Users/mario/.m2/repository/org/springframework/boot/spring-boot-autoconfigure/2.2.0.RELEASE/spring-boot-autoconfigure-2.2.0.RELEASE.jar","sourceContainerUrl":"file:/Users/mario/.m2/repository/org/springframework/boot/spring-boot-autoconfigure/2.2.0.RELEASE/spring-boot-autoconfigure-2.2.0.RELEASE-sources.jar","javadocContainerUrl":"file:/Users/mario/.m2/repository/org/springframework/boot/spring-boot-autoconfigure/2.2.0.RELEASE/spring-boot-autoconfigure-2.2.0.RELEASE-javadoc.jar","isSystem":false,"isOwn":false,"isTest":false,"isJavaContent":false},{"kind":"binary","path":"/Users/mario/.m2/repository/org/springframework/boot/spring-boot-starter-logging/2.2.0.RELEASE/spring-boot-starter-logging-2.2.0.RELEASE.jar","sourceContainerUrl":"file:/Users/mario/.m2/repository/org/springframework/boot/spring-boot-starter-logging/2.2.0.RELEASE/spring-boot-starter-logging-2.2.0.RELEASE-sources.jar","isSystem":false,"isOwn":false,"isTest":false,"isJavaContent":false},{"kind":"binary","path":"/Users/mario/.m2/repository/ch/qos/logback/logback-classic/1.2.3/logback-classic-1.2.3.jar","sourceContainerUrl":"file:/Users/mario/.m2/repository/ch/qos/logback/logback-classic/1.2.3/logback-classic-1.2.3-sources.jar","javadocContainerUrl":"file:/Users/mario/.m2/repository/ch/qos/logback/logback-classic/1.2.3/logback-classic-1.2.3-javadoc.jar","isSystem":false,"isOwn":false,"isTest":false,"isJavaContent":false},{"kind":"binary","path":"/Users/mario/.m2/repository/ch/qos/logback/logback-core/1.2.3/logback-core-1.2.3.jar","sourceContainerUrl":"file:/Users/mario/.m2/repository/ch/qos/logback/logback-core/1.2.3/logback-core-1.2.3-sources.jar","javadocContainerUrl":"file:/Users/mario/.m2/repository/ch/qos/logback/logback-core/1.2.3/logback-core-1.2.3-javadoc.jar","isSystem":false,"isOwn":false,"isTest":false,"isJavaContent":false},{"kind":"binary","path":"/Users/mario/.m2/repository/org/apache/logging/log4j/log4j-to-slf4j/2.12.1/log4j-to-slf4j-2.12.1.jar","sourceContainerUrl":"file:/Users/mario/.m2/repository/org/apache/logging/log4j/log4j-to-slf4j/2.12.1/log4j-to-slf4j-2.12.1-sources.jar","javadocContainerUrl":"file:/Users/mario/.m2/repository/org/apache/logging/log4j/log4j-to-slf4j/2.12.1/log4j-to-slf4j-2.12.1-javadoc.jar","isSystem":false,"isOwn":false,"isTest":false,"isJavaContent":false},{"kind":"binary","path":"/Users/mario/.m2/repository/org/apache/logging/log4j/log4j-api/2.12.1/log4j-api-2.12.1.jar","sourceContainerUrl":"file:/Users/mario/.m2/repository/org/apache/logging/log4j/log4j-api/2.12.1/log4j-api-2.12.1-sources.jar","javadocContainerUrl":"file:/Users/mario/.m2/repository/org/apache/logging/log4j/log4j-api/2.12.1/log4j-api-2.12.1-javadoc.jar","isSystem":false,"isOwn":false,"isTest":false,"isJavaContent":false},{"kind":"binary","path":"/Users/mario/.m2/repository/org/slf4j/jul-to-slf4j/1.7.28/jul-to-slf4j-1.7.28.jar","sourceContainerUrl":"file:/Users/mario/.m2/repository/org/slf4j/jul-to-slf4j/1.7.28/jul-to-slf4j-1.7.28-sources.jar","javadocContainerUrl":"file:/Users/mario/.m2/repository/org/slf4j/jul-to-slf4j/1.7.28/jul-to-slf4j-1.7.28-javadoc.jar","isSystem":false,"isOwn":false,"isTest":false,"isJavaContent":false},{"kind":"binary","path":"/Users/mario/.m2/repository/jakarta/annotation/jakarta.annotation-api/1.3.5/jakarta.annotation-api-1.3.5.jar","sourceContainerUrl":"file:/Users/mario/.m2/repository/jakarta/annotation/jakarta.annotation-api/1.3.5/jakarta.annotation-api-1.3.5-sources.jar","javadocContainerUrl":"file:/Users/mario/.m2/repository/jakarta/annotation/jakarta.annotation-api/1.3.5/jakarta.annotation-api-1.3.5-javadoc.jar","isSystem":false,"isOwn":false,"isTest":false,"isJavaContent":false},{"kind":"binary","path":"/Users/mario/.m2/repository/org/springframework/spring-core/5.2.0.RELEASE/spring-core-5.2.0.RELEASE.jar","sourceContainerUrl":"file:/Users/mario/.m2/repository/org/springframework/spring-core/5.2.0.RELEASE/spring-core-5.2.0.RELEASE-sources.jar","javadocContainerUrl":"file:/Users/mario/.m2/repository/org/springframework/spring-core/5.2.0.RELEASE/spring-core-5.2.0.RELEASE-javadoc.jar","isSystem":false,"isOwn":false,"isTest":false,"isJavaContent":false},{"kind":"binary","path":"/Users/mario/.m2/repository/org/springframework/spring-jcl/5.2.0.RELEASE/spring-jcl-5.2.0.RELEASE.jar","sourceContainerUrl":"file:/Users/mario/.m2/repository/org/springframework/spring-jcl/5.2.0.RELEASE/spring-jcl-5.2.0.RELEASE-sources.jar","javadocContainerUrl":"file:/Users/mario/.m2/repository/org/springframework/spring-jcl/5.2.0.RELEASE/spring-jcl-5.2.0.RELEASE-javadoc.jar","isSystem":false,"isOwn":false,"isTest":false,"isJavaContent":false},{"kind":"binary","path":"/Users/mario/.m2/repository/org/yaml/snakeyaml/1.25/snakeyaml-1.25.jar","sourceContainerUrl":"file:/Users/mario/.m2/repository/org/yaml/snakeyaml/1.25/snakeyaml-1.25-sources.jar","javadocContainerUrl":"file:/Users/mario/.m2/repository/org/yaml/snakeyaml/1.25/snakeyaml-1.25-javadoc.jar","isSystem":false,"isOwn":false,"isTest":false,"isJavaContent":false},{"kind":"binary","path":"/Users/mario/.m2/repository/org/springframework/spring-jms/5.2.0.RELEASE/spring-jms-5.2.0.RELEASE.jar","sourceContainerUrl":"file:/Users/mario/.m2/repository/org/springframework/spring-jms/5.2.0.RELEASE/spring-jms-5.2.0.RELEASE-sources.jar","javadocContainerUrl":"file:/Users/mario/.m2/repository/org/springframework/spring-jms/5.2.0.RELEASE/spring-jms-5.2.0.RELEASE-javadoc.jar","isSystem":false,"isOwn":false,"isTest":false,"isJavaContent":false},{"kind":"binary","path":"/Users/mario/.m2/repository/org/springframework/spring-beans/5.2.0.RELEASE/spring-beans-5.2.0.RELEASE.jar","sourceContainerUrl":"file:/Users/mario/.m2/repository/org/springframework/spring-beans/5.2.0.RELEASE/spring-beans-5.2.0.RELEASE-sources.jar","javadocContainerUrl":"file:/Users/mario/.m2/repository/org/springframework/spring-beans/5.2.0.RELEASE/spring-beans-5.2.0.RELEASE-javadoc.jar","isSystem":false,"isOwn":false,"isTest":false,"isJavaContent":false},{"kind":"binary","path":"/Users/mario/.m2/repository/org/springframework/spring-messaging/5.2.0.RELEASE/spring-messaging-5.2.0.RELEASE.jar","sourceContainerUrl":"file:/Users/mario/.m2/repository/org/springframework/spring-messaging/5.2.0.RELEASE/spring-messaging-5.2.0.RELEASE-sources.jar","javadocContainerUrl":"file:/Users/mario/.m2/repository/org/springframework/spring-messaging/5.2.0.RELEASE/spring-messaging-5.2.0.RELEASE-javadoc.jar","isSystem":false,"isOwn":false,"isTest":false,"isJavaContent":false},{"kind":"binary","path":"/Users/mario/.m2/repository/org/springframework/spring-tx/5.2.0.RELEASE/spring-tx-5.2.0.RELEASE.jar","sourceContainerUrl":"file:/Users/mario/.m2/repository/org/springframework/spring-tx/5.2.0.RELEASE/spring-tx-5.2.0.RELEASE-sources.jar","javadocContainerUrl":"file:/Users/mario/.m2/repository/org/springframework/spring-tx/5.2.0.RELEASE/spring-tx-5.2.0.RELEASE-javadoc.jar","isSystem":false,"isOwn":false,"isTest":false,"isJavaContent":false},{"kind":"binary","path":"/Users/mario/.m2/repository/jakarta/jms/jakarta.jms-api/2.0.3/jakarta.jms-api-2.0.3.jar","sourceContainerUrl":"file:/Users/mario/.m2/repository/jakarta/jms/jakarta.jms-api/2.0.3/jakarta.jms-api-2.0.3-sources.jar","javadocContainerUrl":"file:/Users/mario/.m2/repository/jakarta/jms/jakarta.jms-api/2.0.3/jakarta.jms-api-2.0.3-javadoc.jar","isSystem":false,"isOwn":false,"isTest":false,"isJavaContent":false},{"kind":"binary","path":"/Users/mario/.m2/repository/org/apache/activemq/activemq-broker/5.15.10/activemq-broker-5.15.10.jar","sourceContainerUrl":"file:/Users/mario/.m2/repository/org/apache/activemq/activemq-broker/5.15.10/activemq-broker-5.15.10-sources.jar","javadocContainerUrl":"file:/Users/mario/.m2/repository/org/apache/activemq/activemq-broker/5.15.10/activemq-broker-5.15.10-javadoc.jar","isSystem":false,"isOwn":false,"isTest":false,"isJavaContent":false},{"kind":"binary","path":"/Users/mario/.m2/repository/org/apache/activemq/activemq-client/5.15.10/activemq-client-5.15.10.jar","sourceContainerUrl":"file:/Users/mario/.m2/repository/org/apache/activemq/activemq-client/5.15.10/activemq-client-5.15.10-sources.jar","javadocContainerUrl":"file:/Users/mario/.m2/repository/org/apache/activemq/activemq-client/5.15.10/activemq-client-5.15.10-javadoc.jar","isSystem":false,"isOwn":false,"isTest":false,"isJavaContent":false},{"kind":"binary","path":"/Users/mario/.m2/repository/org/slf4j/slf4j-api/1.7.28/slf4j-api-1.7.28.jar","sourceContainerUrl":"file:/Users/mario/.m2/repository/org/slf4j/slf4j-api/1.7.28/slf4j-api-1.7.28-sources.jar","javadocContainerUrl":"file:/Users/mario/.m2/repository/org/slf4j/slf4j-api/1.7.28/slf4j-api-1.7.28-javadoc.jar","isSystem":false,"isOwn":false,"isTest":false,"isJavaContent":false},{"kind":"binary","path":"/Users/mario/.m2/repository/org/apache/geronimo/specs/geronimo-jms_1.1_spec/1.1.1/geronimo-jms_1.1_spec-1.1.1.jar","sourceContainerUrl":"file:/Users/mario/.m2/repository/org/apache/geronimo/specs/geronimo-jms_1.1_spec/1.1.1/geronimo-jms_1.1_spec-1.1.1-sources.jar","javadocContainerUrl":"file:/Users/mario/.m2/repository/org/apache/geronimo/specs/geronimo-jms_1.1_spec/1.1.1/geronimo-jms_1.1_spec-1.1.1-javadoc.jar","isSystem":false,"isOwn":false,"isTest":false,"isJavaContent":false},{"kind":"binary","path":"/Users/mario/.m2/repository/org/fusesource/hawtbuf/hawtbuf/1.11/hawtbuf-1.11.jar","sourceContainerUrl":"file:/Users/mario/.m2/repository/org/fusesource/hawtbuf/hawtbuf/1.11/hawtbuf-1.11-sources.jar","javadocContainerUrl":"file:/Users/mario/.m2/repository/org/fusesource/hawtbuf/hawtbuf/1.11/hawtbuf-1.11-javadoc.jar","isSystem":false,"isOwn":false,"isTest":false,"isJavaContent":false},{"kind":"binary","path":"/Users/mario/.m2/repository/org/apache/activemq/activemq-openwire-legacy/5.15.10/activemq-openwire-legacy-5.15.10.jar","sourceContainerUrl":"file:/Users/mario/.m2/repository/org/apache/activemq/activemq-openwire-legacy/5.15.10/activemq-openwire-legacy-5.15.10-sources.jar","javadocContainerUrl":"file:/Users/mario/.m2/repository/org/apache/activemq/activemq-openwire-legacy/5.15.10/activemq-openwire-legacy-5.15.10-javadoc.jar","isSystem":false,"isOwn":false,"isTest":false,"isJavaContent":false},{"kind":"binary","path":"/Users/mario/.m2/repository/com/google/guava/guava/28.0-jre/guava-28.0-jre.jar","sourceContainerUrl":"file:/Users/mario/.m2/repository/com/google/guava/guava/28.0-jre/guava-28.0-jre-sources.jar","javadocContainerUrl":"file:/Users/mario/.m2/repository/com/google/guava/guava/28.0-jre/guava-28.0-jre-javadoc.jar","isSystem":false,"isOwn":false,"isTest":false,"isJavaContent":false},{"kind":"binary","path":"/Users/mario/.m2/repository/com/google/guava/failureaccess/1.0.1/failureaccess-1.0.1.jar","sourceContainerUrl":"file:/Users/mario/.m2/repository/com/google/guava/failureaccess/1.0.1/failureaccess-1.0.1-sources.jar","javadocContainerUrl":"file:/Users/mario/.m2/repository/com/google/guava/failureaccess/1.0.1/failureaccess-1.0.1-javadoc.jar","isSystem":false,"isOwn":false,"isTest":false,"isJavaContent":false},{"kind":"binary","path":"/Users/mario/.m2/repository/com/google/guava/listenablefuture/9999.0-empty-to-avoid-conflict-with-guava/listenablefuture-9999.0-empty-to-avoid-conflict-with-guava.jar","isSystem":false,"isOwn":false,"isTest":false,"isJavaContent":false},{"kind":"binary","path":"/Users/mario/.m2/repository/com/google/code/findbugs/jsr305/3.0.2/jsr305-3.0.2.jar","sourceContainerUrl":"file:/Users/mario/.m2/repository/com/google/code/findbugs/jsr305/3.0.2/jsr305-3.0.2-sources.jar","javadocContainerUrl":"file:/Users/mario/.m2/repository/com/google/code/findbugs/jsr305/3.0.2/jsr305-3.0.2-javadoc.jar","isSystem":false,"isOwn":false,"isTest":false,"isJavaContent":false},{"kind":"binary","path":"/Users/mario/.m2/repository/org/checkerframework/checker-qual/2.8.1/checker-qual-2.8.1.jar","sourceContainerUrl":"file:/Users/mario/.m2/repository/org/checkerframework/checker-qual/2.8.1/checker-qual-2.8.1-sources.jar","javadocContainerUrl":"file:/Users/mario/.m2/repository/org/checkerframework/checker-qual/2.8.1/checker-qual-2.8.1-javadoc.jar","isSystem":false,"isOwn":false,"isTest":false,"isJavaContent":false},{"kind":"binary","path":"/Users/mario/.m2/repository/com/google/errorprone/error_prone_annotations/2.3.2/error_prone_annotations-2.3.2.jar","sourceContainerUrl":"file:/Users/mario/.m2/repository/com/google/errorprone/error_prone_annotations/2.3.2/error_prone_annotations-2.3.2-sources.jar","javadocContainerUrl":"file:/Users/mario/.m2/repository/com/google/errorprone/error_prone_annotations/2.3.2/error_prone_annotations-2.3.2-javadoc.jar","isSystem":false,"isOwn":false,"isTest":false,"isJavaContent":false},{"kind":"binary","path":"/Users/mario/.m2/repository/com/google/j2objc/j2objc-annotations/1.3/j2objc-annotations-1.3.jar","sourceContainerUrl":"file:/Users/mario/.m2/repository/com/google/j2objc/j2objc-annotations/1.3/j2objc-annotations-1.3-sources.jar","javadocContainerUrl":"file:/Users/mario/.m2/repository/com/google/j2objc/j2objc-annotations/1.3/j2objc-annotations-1.3-javadoc.jar","isSystem":false,"isOwn":false,"isTest":false,"isJavaContent":false},{"kind":"binary","path":"/Users/mario/.m2/repository/org/codehaus/mojo/animal-sniffer-annotations/1.17/animal-sniffer-annotations-1.17.jar","sourceContainerUrl":"file:/Users/mario/.m2/repository/org/codehaus/mojo/animal-sniffer-annotations/1.17/animal-sniffer-annotations-1.17-sources.jar","javadocContainerUrl":"file:/Users/mario/.m2/repository/org/codehaus/mojo/animal-sniffer-annotations/1.17/animal-sniffer-annotations-1.17-javadoc.jar","isSystem":false,"isOwn":false,"isTest":false,"isJavaContent":false},{"kind":"binary","path":"/Users/mario/.m2/repository/com/fasterxml/jackson/core/jackson-databind/2.10.0/jackson-databind-2.10.0.jar","sourceContainerUrl":"file:/Users/mario/.m2/repository/com/fasterxml/jackson/core/jackson-databind/2.10.0/jackson-databind-2.10.0-sources.jar","javadocContainerUrl":"file:/Users/mario/.m2/repository/com/fasterxml/jackson/core/jackson-databind/2.10.0/jackson-databind-2.10.0-javadoc.jar","isSystem":false,"isOwn":false,"isTest":false,"isJavaContent":false},{"kind":"binary","path":"/Users/mario/.m2/repository/com/fasterxml/jackson/core/jackson-annotations/2.10.0/jackson-annotations-2.10.0.jar","sourceContainerUrl":"file:/Users/mario/.m2/repository/com/fasterxml/jackson/core/jackson-annotations/2.10.0/jackson-annotations-2.10.0-sources.jar","javadocContainerUrl":"file:/Users/mario/.m2/repository/com/fasterxml/jackson/core/jackson-annotations/2.10.0/jackson-annotations-2.10.0-javadoc.jar","isSystem":false,"isOwn":false,"isTest":false,"isJavaContent":false},{"kind":"binary","path":"/Users/mario/.m2/repository/com/fasterxml/jackson/core/jackson-core/2.10.0/jackson-core-2.10.0.jar","sourceContainerUrl":"file:/Users/mario/.m2/repository/com/fasterxml/jackson/core/jackson-core/2.10.0/jackson-core-2.10.0-sources.jar","javadocContainerUrl":"file:/Users/mario/.m2/repository/com/fasterxml/jackson/core/jackson-core/2.10.0/jackson-core-2.10.0-javadoc.jar","isSystem":false,"isOwn":false,"isTest":false,"isJavaContent":false},{"kind":"binary","path":"/Users/mario/.m2/repository/org/apache/activemq/activemq-kahadb-store/5.15.10/activemq-kahadb-store-5.15.10.jar","sourceContainerUrl":"file:/Users/mario/.m2/repository/org/apache/activemq/activemq-kahadb-store/5.15.10/activemq-kahadb-store-5.15.10-sources.jar","javadocContainerUrl":"file:/Users/mario/.m2/repository/org/apache/activemq/activemq-kahadb-store/5.15.10/activemq-kahadb-store-5.15.10-javadoc.jar","isSystem":false,"isOwn":false,"isTest":false,"isJavaContent":false},{"kind":"binary","path":"/Users/mario/.m2/repository/org/apache/activemq/protobuf/activemq-protobuf/1.1/activemq-protobuf-1.1.jar","sourceContainerUrl":"file:/Users/mario/.m2/repository/org/apache/activemq/protobuf/activemq-protobuf/1.1/activemq-protobuf-1.1-sources.jar","javadocContainerUrl":"file:/Users/mario/.m2/repository/org/apache/activemq/protobuf/activemq-protobuf/1.1/activemq-protobuf-1.1-javadoc.jar","isSystem":false,"isOwn":false,"isTest":false,"isJavaContent":false},{"kind":"binary","path":"/Users/mario/.m2/repository/org/apache/geronimo/specs/geronimo-j2ee-management_1.1_spec/1.0.1/geronimo-j2ee-management_1.1_spec-1.0.1.jar","sourceContainerUrl":"file:/Users/mario/.m2/repository/org/apache/geronimo/specs/geronimo-j2ee-management_1.1_spec/1.0.1/geronimo-j2ee-management_1.1_spec-1.0.1-sources.jar","javadocContainerUrl":"file:/Users/mario/.m2/repository/org/apache/geronimo/specs/geronimo-j2ee-management_1.1_spec/1.0.1/geronimo-j2ee-management_1.1_spec-1.0.1-javadoc.jar","isSystem":false,"isOwn":false,"isTest":false,"isJavaContent":false},{"kind":"binary","path":"/Users/mario/.m2/repository/commons-net/commons-net/3.6/commons-net-3.6.jar","sourceContainerUrl":"file:/Users/mario/.m2/repository/commons-net/commons-net/3.6/commons-net-3.6-sources.jar","javadocContainerUrl":"file:/Users/mario/.m2/repository/commons-net/commons-net/3.6/commons-net-3.6-javadoc.jar","isSystem":false,"isOwn":false,"isTest":false,"isJavaContent":false},{"kind":"binary","path":"/Users/mario/.m2/repository/org/apache/activemq/activemq-mqtt/5.15.10/activemq-mqtt-5.15.10.jar","sourceContainerUrl":"file:/Users/mario/.m2/repository/org/apache/activemq/activemq-mqtt/5.15.10/activemq-mqtt-5.15.10-sources.jar","javadocContainerUrl":"file:/Users/mario/.m2/repository/org/apache/activemq/activemq-mqtt/5.15.10/activemq-mqtt-5.15.10-javadoc.jar","isSystem":false,"isOwn":false,"isTest":false,"isJavaContent":false},{"kind":"binary","path":"/Users/mario/.m2/repository/org/fusesource/mqtt-client/mqtt-client/1.15/mqtt-client-1.15.jar","sourceContainerUrl":"file:/Users/mario/.m2/repository/org/fusesource/mqtt-client/mqtt-client/1.15/mqtt-client-1.15-sources.jar","javadocContainerUrl":"file:/Users/mario/.m2/repository/org/fusesource/mqtt-client/mqtt-client/1.15/mqtt-client-1.15-javadoc.jar","isSystem":false,"isOwn":false,"isTest":false,"isJavaContent":false},{"kind":"binary","path":"/Users/mario/.m2/repository/org/fusesource/hawtdispatch/hawtdispatch-transport/1.22/hawtdispatch-transport-1.22.jar","sourceContainerUrl":"file:/Users/mario/.m2/repository/org/fusesource/hawtdispatch/hawtdispatch-transport/1.22/hawtdispatch-transport-1.22-sources.jar","javadocContainerUrl":"file:/Users/mario/.m2/repository/org/fusesource/hawtdispatch/hawtdispatch-transport/1.22/hawtdispatch-transport-1.22-javadoc.jar","isSystem":false,"isOwn":false,"isTest":false,"isJavaContent":false},{"kind":"binary","path":"/Users/mario/.m2/repository/org/fusesource/hawtdispatch/hawtdispatch/1.22/hawtdispatch-1.22.jar","sourceContainerUrl":"file:/Users/mario/.m2/repository/org/fusesource/hawtdispatch/hawtdispatch/1.22/hawtdispatch-1.22-sources.jar","javadocContainerUrl":"file:/Users/mario/.m2/repository/org/fusesource/hawtdispatch/hawtdispatch/1.22/hawtdispatch-1.22-javadoc.jar","isSystem":false,"isOwn":false,"isTest":false,"isJavaContent":false},{"kind":"binary","path":"/Users/mario/.m2/repository/org/springframework/integration/spring-integration-mqtt/5.2.0.RELEASE/spring-integration-mqtt-5.2.0.RELEASE.jar","sourceContainerUrl":"file:/Users/mario/.m2/repository/org/springframework/integration/spring-integration-mqtt/5.2.0.RELEASE/spring-integration-mqtt-5.2.0.RELEASE-sources.jar","javadocContainerUrl":"file:/Users/mario/.m2/repository/org/springframework/integration/spring-integration-mqtt/5.2.0.RELEASE/spring-integration-mqtt-5.2.0.RELEASE-javadoc.jar","isSystem":false,"isOwn":false,"isTest":false,"isJavaContent":false},{"kind":"binary","path":"/Users/mario/.m2/repository/org/eclipse/paho/org.eclipse.paho.client.mqttv3/1.2.0/org.eclipse.paho.client.mqttv3-1.2.0.jar","sourceContainerUrl":"file:/Users/mario/.m2/repository/org/eclipse/paho/org.eclipse.paho.client.mqttv3/1.2.0/org.eclipse.paho.client.mqttv3-1.2.0-sources.jar","isSystem":false,"isOwn":false,"isTest":false,"isJavaContent":false},{"kind":"binary","path":"/Users/mario/.m2/repository/org/springframework/integration/spring-integration-core/5.2.0.RELEASE/spring-integration-core-5.2.0.RELEASE.jar","sourceContainerUrl":"file:/Users/mario/.m2/repository/org/springframework/integration/spring-integration-core/5.2.0.RELEASE/spring-integration-core-5.2.0.RELEASE-sources.jar","javadocContainerUrl":"file:/Users/mario/.m2/repository/org/springframework/integration/spring-integration-core/5.2.0.RELEASE/spring-integration-core-5.2.0.RELEASE-javadoc.jar","isSystem":false,"isOwn":false,"isTest":false,"isJavaContent":false},{"kind":"binary","path":"/Users/mario/.m2/repository/io/projectreactor/reactor-core/3.3.0.RELEASE/reactor-core-3.3.0.RELEASE.jar","sourceContainerUrl":"file:/Users/mario/.m2/repository/io/projectreactor/reactor-core/3.3.0.RELEASE/reactor-core-3.3.0.RELEASE-sources.jar","javadocContainerUrl":"file:/Users/mario/.m2/repository/io/projectreactor/reactor-core/3.3.0.RELEASE/reactor-core-3.3.0.RELEASE-javadoc.jar","isSystem":false,"isOwn":false,"isTest":false,"isJavaContent":false},{"kind":"binary","path":"/Users/mario/.m2/repository/org/reactivestreams/reactive-streams/1.0.3/reactive-streams-1.0.3.jar","sourceContainerUrl":"file:/Users/mario/.m2/repository/org/reactivestreams/reactive-streams/1.0.3/reactive-streams-1.0.3-sources.jar","javadocContainerUrl":"file:/Users/mario/.m2/repository/org/reactivestreams/reactive-streams/1.0.3/reactive-streams-1.0.3-javadoc.jar","isSystem":false,"isOwn":false,"isTest":false,"isJavaContent":false},{"kind":"binary","path":"/Users/mario/.m2/repository/org/springframework/retry/spring-retry/1.2.4.RELEASE/spring-retry-1.2.4.RELEASE.jar","sourceContainerUrl":"file:/Users/mario/.m2/repository/org/springframework/retry/spring-retry/1.2.4.RELEASE/spring-retry-1.2.4.RELEASE-sources.jar","javadocContainerUrl":"file:/Users/mario/.m2/repository/org/springframework/retry/spring-retry/1.2.4.RELEASE/spring-retry-1.2.4.RELEASE-javadoc.jar","isSystem":false,"isOwn":false,"isTest":false,"isJavaContent":false},{"kind":"binary","path":"/Users/mario/.m2/repository/org/springframework/spring-aop/5.2.0.RELEASE/spring-aop-5.2.0.RELEASE.jar","sourceContainerUrl":"file:/Users/mario/.m2/repository/org/springframework/spring-aop/5.2.0.RELEASE/spring-aop-5.2.0.RELEASE-sources.jar","javadocContainerUrl":"file:/Users/mario/.m2/repository/org/springframework/spring-aop/5.2.0.RELEASE/spring-aop-5.2.0.RELEASE-javadoc.jar","isSystem":false,"isOwn":false,"isTest":false,"isJavaContent":false},{"kind":"binary","path":"/Users/mario/.m2/repository/org/springframework/spring-context/5.2.0.RELEASE/spring-context-5.2.0.RELEASE.jar","sourceContainerUrl":"file:/Users/mario/.m2/repository/org/springframework/spring-context/5.2.0.RELEASE/spring-context-5.2.0.RELEASE-sources.jar","javadocContainerUrl":"file:/Users/mario/.m2/repository/org/springframework/spring-context/5.2.0.RELEASE/spring-context-5.2.0.RELEASE-javadoc.jar","isSystem":false,"isOwn":false,"isTest":false,"isJavaContent":false},{"kind":"binary","path":"/Users/mario/.m2/repository/org/springframework/boot/spring-boot-starter-web/2.2.0.RELEASE/spring-boot-starter-web-2.2.0.RELEASE.jar","sourceContainerUrl":"file:/Users/mario/.m2/repository/org/springframework/boot/spring-boot-starter-web/2.2.0.RELEASE/spring-boot-starter-web-2.2.0.RELEASE-sources.jar","isSystem":false,"isOwn":false,"isTest":false,"isJavaContent":false},{"kind":"binary","path":"/Users/mario/.m2/repository/org/springframework/boot/spring-boot-starter-json/2.2.0.RELEASE/spring-boot-starter-json-2.2.0.RELEASE.jar","sourceContainerUrl":"file:/Users/mario/.m2/repository/org/springframework/boot/spring-boot-starter-json/2.2.0.RELEASE/spring-boot-starter-json-2.2.0.RELEASE-sources.jar","isSystem":false,"isOwn":false,"isTest":false,"isJavaContent":false},{"kind":"binary","path":"/Users/mario/.m2/repository/com/fasterxml/jackson/datatype/jackson-datatype-jdk8/2.10.0/jackson-datatype-jdk8-2.10.0.jar","sourceContainerUrl":"file:/Users/mario/.m2/repository/com/fasterxml/jackson/datatype/jackson-datatype-jdk8/2.10.0/jackson-datatype-jdk8-2.10.0-sources.jar","javadocContainerUrl":"file:/Users/mario/.m2/repository/com/fasterxml/jackson/datatype/jackson-datatype-jdk8/2.10.0/jackson-datatype-jdk8-2.10.0-javadoc.jar","isSystem":false,"isOwn":false,"isTest":false,"isJavaContent":false},{"kind":"binary","path":"/Users/mario/.m2/repository/com/fasterxml/jackson/datatype/jackson-datatype-jsr310/2.10.0/jackson-datatype-jsr310-2.10.0.jar","sourceContainerUrl":"file:/Users/mario/.m2/repository/com/fasterxml/jackson/datatype/jackson-datatype-jsr310/2.10.0/jackson-datatype-jsr310-2.10.0-sources.jar","javadocContainerUrl":"file:/Users/mario/.m2/repository/com/fasterxml/jackson/datatype/jackson-datatype-jsr310/2.10.0/jackson-datatype-jsr310-2.10.0-javadoc.jar","isSystem":false,"isOwn":false,"isTest":false,"isJavaContent":false},{"kind":"binary","path":"/Users/mario/.m2/repository/com/fasterxml/jackson/module/jackson-module-parameter-names/2.10.0/jackson-module-parameter-names-2.10.0.jar","sourceContainerUrl":"file:/Users/mario/.m2/repository/com/fasterxml/jackson/module/jackson-module-parameter-names/2.10.0/jackson-module-parameter-names-2.10.0-sources.jar","javadocContainerUrl":"file:/Users/mario/.m2/repository/com/fasterxml/jackson/module/jackson-module-parameter-names/2.10.0/jackson-module-parameter-names-2.10.0-javadoc.jar","isSystem":false,"isOwn":false,"isTest":false,"isJavaContent":false},{"kind":"binary","path":"/Users/mario/.m2/repository/org/springframework/boot/spring-boot-starter-tomcat/2.2.0.RELEASE/spring-boot-starter-tomcat-2.2.0.RELEASE.jar","sourceContainerUrl":"file:/Users/mario/.m2/repository/org/springframework/boot/spring-boot-starter-tomcat/2.2.0.RELEASE/spring-boot-starter-tomcat-2.2.0.RELEASE-sources.jar","isSystem":false,"isOwn":false,"isTest":false,"isJavaContent":false},{"kind":"binary","path":"/Users/mario/.m2/repository/org/apache/tomcat/embed/tomcat-embed-core/9.0.27/tomcat-embed-core-9.0.27.jar","sourceContainerUrl":"file:/Users/mario/.m2/repository/org/apache/tomcat/embed/tomcat-embed-core/9.0.27/tomcat-embed-core-9.0.27-sources.jar","isSystem":false,"isOwn":false,"isTest":false,"isJavaContent":false},{"kind":"binary","path":"/Users/mario/.m2/repository/org/apache/tomcat/embed/tomcat-embed-el/9.0.27/tomcat-embed-el-9.0.27.jar","sourceContainerUrl":"file:/Users/mario/.m2/repository/org/apache/tomcat/embed/tomcat-embed-el/9.0.27/tomcat-embed-el-9.0.27-sources.jar","isSystem":false,"isOwn":false,"isTest":false,"isJavaContent":false},{"kind":"binary","path":"/Users/mario/.m2/repository/org/apache/tomcat/embed/tomcat-embed-websocket/9.0.27/tomcat-embed-websocket-9.0.27.jar","sourceContainerUrl":"file:/Users/mario/.m2/repository/org/apache/tomcat/embed/tomcat-embed-websocket/9.0.27/tomcat-embed-websocket-9.0.27-sources.jar","isSystem":false,"isOwn":false,"isTest":false,"isJavaContent":false},{"kind":"binary","path":"/Users/mario/.m2/repository/org/springframework/boot/spring-boot-starter-validation/2.2.0.RELEASE/spring-boot-starter-validation-2.2.0.RELEASE.jar","sourceContainerUrl":"file:/Users/mario/.m2/repository/org/springframework/boot/spring-boot-starter-validation/2.2.0.RELEASE/spring-boot-starter-validation-2.2.0.RELEASE-sources.jar","isSystem":false,"isOwn":false,"isTest":false,"isJavaContent":false},{"kind":"binary","path":"/Users/mario/.m2/repository/jakarta/validation/jakarta.validation-api/2.0.1/jakarta.validation-api-2.0.1.jar","sourceContainerUrl":"file:/Users/mario/.m2/repository/jakarta/validation/jakarta.validation-api/2.0.1/jakarta.validation-api-2.0.1-sources.jar","javadocContainerUrl":"file:/Users/mario/.m2/repository/jakarta/validation/jakarta.validation-api/2.0.1/jakarta.validation-api-2.0.1-javadoc.jar","isSystem":false,"isOwn":false,"isTest":false,"isJavaContent":false},{"kind":"binary","path":"/Users/mario/.m2/repository/org/hibernate/validator/hibernate-validator/6.0.17.Final/hibernate-validator-6.0.17.Final.jar","sourceContainerUrl":"file:/Users/mario/.m2/repository/org/hibernate/validator/hibernate-validator/6.0.17.Final/hibernate-validator-6.0.17.Final-sources.jar","isSystem":false,"isOwn":false,"isTest":false,"isJavaContent":false},{"kind":"binary","path":"/Users/mario/.m2/repository/org/springframework/spring-web/5.2.0.RELEASE/spring-web-5.2.0.RELEASE.jar","sourceContainerUrl":"file:/Users/mario/.m2/repository/org/springframework/spring-web/5.2.0.RELEASE/spring-web-5.2.0.RELEASE-sources.jar","javadocContainerUrl":"file:/Users/mario/.m2/repository/org/springframework/spring-web/5.2.0.RELEASE/spring-web-5.2.0.RELEASE-javadoc.jar","isSystem":false,"isOwn":false,"isTest":false,"isJavaContent":false},{"kind":"binary","path":"/Users/mario/.m2/repository/org/springframework/spring-webmvc/5.2.0.RELEASE/spring-webmvc-5.2.0.RELEASE.jar","sourceContainerUrl":"file:/Users/mario/.m2/repository/org/springframework/spring-webmvc/5.2.0.RELEASE/spring-webmvc-5.2.0.RELEASE-sources.jar","javadocContainerUrl":"file:/Users/mario/.m2/repository/org/springframework/spring-webmvc/5.2.0.RELEASE/spring-webmvc-5.2.0.RELEASE-javadoc.jar","isSystem":false,"isOwn":false,"isTest":false,"isJavaContent":false},{"kind":"binary","path":"/Users/mario/.m2/repository/org/springframework/spring-expression/5.2.0.RELEASE/spring-expression-5.2.0.RELEASE.jar","sourceContainerUrl":"file:/Users/mario/.m2/repository/org/springframework/spring-expression/5.2.0.RELEASE/spring-expression-5.2.0.RELEASE-sources.jar","javadocContainerUrl":"file:/Users/mario/.m2/repository/org/springframework/spring-expression/5.2.0.RELEASE/spring-expression-5.2.0.RELEASE-javadoc.jar","isSystem":false,"isOwn":false,"isTest":false,"isJavaContent":false},{"kind":"binary","path":"/Users/mario/.m2/repository/org/springframework/boot/spring-boot-starter-data-jpa/2.2.0.RELEASE/spring-boot-starter-data-jpa-2.2.0.RELEASE.jar","sourceContainerUrl":"file:/Users/mario/.m2/repository/org/springframework/boot/spring-boot-starter-data-jpa/2.2.0.RELEASE/spring-boot-starter-data-jpa-2.2.0.RELEASE-sources.jar","isSystem":false,"isOwn":false,"isTest":false,"isJavaContent":false},{"kind":"binary","path":"/Users/mario/.m2/repository/org/springframework/boot/spring-boot-starter-aop/2.2.0.RELEASE/spring-boot-starter-aop-2.2.0.RELEASE.jar","sourceContainerUrl":"file:/Users/mario/.m2/repository/org/springframework/boot/spring-boot-starter-aop/2.2.0.RELEASE/spring-boot-starter-aop-2.2.0.RELEASE-sources.jar","isSystem":false,"isOwn":false,"isTest":false,"isJavaContent":false},{"kind":"binary","path":"/Users/mario/.m2/repository/org/aspectj/aspectjweaver/1.9.4/aspectjweaver-1.9.4.jar","sourceContainerUrl":"file:/Users/mario/.m2/repository/org/aspectj/aspectjweaver/1.9.4/aspectjweaver-1.9.4-sources.jar","javadocContainerUrl":"file:/Users/mario/.m2/repository/org/aspectj/aspectjweaver/1.9.4/aspectjweaver-1.9.4-javadoc.jar","isSystem":false,"isOwn":false,"isTest":false,"isJavaContent":false},{"kind":"binary","path":"/Users/mario/.m2/repository/org/springframework/boot/spring-boot-starter-jdbc/2.2.0.RELEASE/spring-boot-starter-jdbc-2.2.0.RELEASE.jar","sourceContainerUrl":"file:/Users/mario/.m2/repository/org/springframework/boot/spring-boot-starter-jdbc/2.2.0.RELEASE/spring-boot-starter-jdbc-2.2.0.RELEASE-sources.jar","isSystem":false,"isOwn":false,"isTest":false,"isJavaContent":false},{"kind":"binary","path":"/Users/mario/.m2/repository/com/zaxxer/HikariCP/3.4.1/HikariCP-3.4.1.jar","sourceContainerUrl":"file:/Users/mario/.m2/repository/com/zaxxer/HikariCP/3.4.1/HikariCP-3.4.1-sources.jar","javadocContainerUrl":"file:/Users/mario/.m2/repository/com/zaxxer/HikariCP/3.4.1/HikariCP-3.4.1-javadoc.jar","isSystem":false,"isOwn":false,"isTest":false,"isJavaContent":false},{"kind":"binary","path":"/Users/mario/.m2/repository/org/springframework/spring-jdbc/5.2.0.RELEASE/spring-jdbc-5.2.0.RELEASE.jar","sourceContainerUrl":"file:/Users/mario/.m2/repository/org/springframework/spring-jdbc/5.2.0.RELEASE/spring-jdbc-5.2.0.RELEASE-sources.jar","javadocContainerUrl":"file:/Users/mario/.m2/repository/org/springframework/spring-jdbc/5.2.0.RELEASE/spring-jdbc-5.2.0.RELEASE-javadoc.jar","isSystem":false,"isOwn":false,"isTest":false,"isJavaContent":false},{"kind":"binary","path":"/Users/mario/.m2/repository/jakarta/activation/jakarta.activation-api/1.2.1/jakarta.activation-api-1.2.1.jar","sourceContainerUrl":"file:/Users/mario/.m2/repository/jakarta/activation/jakarta.activation-api/1.2.1/jakarta.activation-api-1.2.1-sources.jar","javadocContainerUrl":"file:/Users/mario/.m2/repository/jakarta/activation/jakarta.activation-api/1.2.1/jakarta.activation-api-1.2.1-javadoc.jar","isSystem":false,"isOwn":false,"isTest":false,"isJavaContent":false},{"kind":"binary","path":"/Users/mario/.m2/repository/jakarta/persistence/jakarta.persistence-api/2.2.3/jakarta.persistence-api-2.2.3.jar","sourceContainerUrl":"file:/Users/mario/.m2/repository/jakarta/persistence/jakarta.persistence-api/2.2.3/jakarta.persistence-api-2.2.3-sources.jar","javadocContainerUrl":"file:/Users/mario/.m2/repository/jakarta/persistence/jakarta.persistence-api/2.2.3/jakarta.persistence-api-2.2.3-javadoc.jar","isSystem":false,"isOwn":false,"isTest":false,"isJavaContent":false},{"kind":"binary","path":"/Users/mario/.m2/repository/jakarta/transaction/jakarta.transaction-api/1.3.3/jakarta.transaction-api-1.3.3.jar","sourceContainerUrl":"file:/Users/mario/.m2/repository/jakarta/transaction/jakarta.transaction-api/1.3.3/jakarta.transaction-api-1.3.3-sources.jar","javadocContainerUrl":"file:/Users/mario/.m2/repository/jakarta/transaction/jakarta.transaction-api/1.3.3/jakarta.transaction-api-1.3.3-javadoc.jar","isSystem":false,"isOwn":false,"isTest":false,"isJavaContent":false},{"kind":"binary","path":"/Users/mario/.m2/repository/org/hibernate/hibernate-core/5.4.6.Final/hibernate-core-5.4.6.Final.jar","sourceContainerUrl":"file:/Users/mario/.m2/repository/org/hibernate/hibernate-core/5.4.6.Final/hibernate-core-5.4.6.Final-sources.jar","javadocContainerUrl":"file:/Users/mario/.m2/repository/org/hibernate/hibernate-core/5.4.6.Final/hibernate-core-5.4.6.Final-javadoc.jar","isSystem":false,"isOwn":false,"isTest":false,"isJavaContent":false},{"kind":"binary","path":"/Users/mario/.m2/repository/org/jboss/logging/jboss-logging/3.4.1.Final/jboss-logging-3.4.1.Final.jar","sourceContainerUrl":"file:/Users/mario/.m2/repository/org/jboss/logging/jboss-logging/3.4.1.Final/jboss-logging-3.4.1.Final-sources.jar","javadocContainerUrl":"file:/Users/mario/.m2/repository/org/jboss/logging/jboss-logging/3.4.1.Final/jboss-logging-3.4.1.Final-javadoc.jar","isSystem":false,"isOwn":false,"isTest":false,"isJavaContent":false},{"kind":"binary","path":"/Users/mario/.m2/repository/org/javassist/javassist/3.24.0-GA/javassist-3.24.0-GA.jar","sourceContainerUrl":"file:/Users/mario/.m2/repository/org/javassist/javassist/3.24.0-GA/javassist-3.24.0-GA-sources.jar","javadocContainerUrl":"file:/Users/mario/.m2/repository/org/javassist/javassist/3.24.0-GA/javassist-3.24.0-GA-javadoc.jar","isSystem":false,"isOwn":false,"isTest":false,"isJavaContent":false},{"kind":"binary","path":"/Users/mario/.m2/repository/net/bytebuddy/byte-buddy/1.10.1/byte-buddy-1.10.1.jar","sourceContainerUrl":"file:/Users/mario/.m2/repository/net/bytebuddy/byte-buddy/1.10.1/byte-buddy-1.10.1-sources.jar","javadocContainerUrl":"file:/Users/mario/.m2/repository/net/bytebuddy/byte-buddy/1.10.1/byte-buddy-1.10.1-javadoc.jar","isSystem":false,"isOwn":false,"isTest":false,"isJavaContent":false},{"kind":"binary","path":"/Users/mario/.m2/repository/antlr/antlr/2.7.7/antlr-2.7.7.jar","isSystem":false,"isOwn":false,"isTest":false,"isJavaContent":false},{"kind":"binary","path":"/Users/mario/.m2/repository/org/jboss/jandex/2.0.5.Final/jandex-2.0.5.Final.jar","sourceContainerUrl":"file:/Users/mario/.m2/repository/org/jboss/jandex/2.0.5.Final/jandex-2.0.5.Final-sources.jar","isSystem":false,"isOwn":false,"isTest":false,"isJavaContent":false},{"kind":"binary","path":"/Users/mario/.m2/repository/com/fasterxml/classmate/1.5.0/classmate-1.5.0.jar","sourceContainerUrl":"file:/Users/mario/.m2/repository/com/fasterxml/classmate/1.5.0/classmate-1.5.0-sources.jar","javadocContainerUrl":"file:/Users/mario/.m2/repository/com/fasterxml/classmate/1.5.0/classmate-1.5.0-javadoc.jar","isSystem":false,"isOwn":false,"isTest":false,"isJavaContent":false},{"kind":"binary","path":"/Users/mario/.m2/repository/org/dom4j/dom4j/2.1.1/dom4j-2.1.1.jar","sourceContainerUrl":"file:/Users/mario/.m2/repository/org/dom4j/dom4j/2.1.1/dom4j-2.1.1-sources.jar","javadocContainerUrl":"file:/Users/mario/.m2/repository/org/dom4j/dom4j/2.1.1/dom4j-2.1.1-javadoc.jar","isSystem":false,"isOwn":false,"isTest":false,"isJavaContent":false},{"kind":"binary","path":"/Users/mario/.m2/repository/org/hibernate/common/hibernate-commons-annotations/5.1.0.Final/hibernate-commons-annotations-5.1.0.Final.jar","sourceContainerUrl":"file:/Users/mario/.m2/repository/org/hibernate/common/hibernate-commons-annotations/5.1.0.Final/hibernate-commons-annotations-5.1.0.Final-sources.jar","isSystem":false,"isOwn":false,"isTest":false,"isJavaContent":false},{"kind":"binary","path":"/Users/mario/.m2/repository/org/glassfish/jaxb/jaxb-runtime/2.3.2/jaxb-runtime-2.3.2.jar","sourceContainerUrl":"file:/Users/mario/.m2/repository/org/glassfish/jaxb/jaxb-runtime/2.3.2/jaxb-runtime-2.3.2-sources.jar","javadocContainerUrl":"file:/Users/mario/.m2/repository/org/glassfish/jaxb/jaxb-runtime/2.3.2/jaxb-runtime-2.3.2-javadoc.jar","isSystem":false,"isOwn":false,"isTest":false,"isJavaContent":false},{"kind":"binary","path":"/Users/mario/.m2/repository/jakarta/xml/bind/jakarta.xml.bind-api/2.3.2/jakarta.xml.bind-api-2.3.2.jar","sourceContainerUrl":"file:/Users/mario/.m2/repository/jakarta/xml/bind/jakarta.xml.bind-api/2.3.2/jakarta.xml.bind-api-2.3.2-sources.jar","javadocContainerUrl":"file:/Users/mario/.m2/repository/jakarta/xml/bind/jakarta.xml.bind-api/2.3.2/jakarta.xml.bind-api-2.3.2-javadoc.jar","isSystem":false,"isOwn":false,"isTest":false,"isJavaContent":false},{"kind":"binary","path":"/Users/mario/.m2/repository/org/glassfish/jaxb/txw2/2.3.2/txw2-2.3.2.jar","sourceContainerUrl":"file:/Users/mario/.m2/repository/org/glassfish/jaxb/txw2/2.3.2/txw2-2.3.2-sources.jar","javadocContainerUrl":"file:/Users/mario/.m2/repository/org/glassfish/jaxb/txw2/2.3.2/txw2-2.3.2-javadoc.jar","isSystem":false,"isOwn":false,"isTest":false,"isJavaContent":false},{"kind":"binary","path":"/Users/mario/.m2/repository/com/sun/istack/istack-commons-runtime/3.0.8/istack-commons-runtime-3.0.8.jar","sourceContainerUrl":"file:/Users/mario/.m2/repository/com/sun/istack/istack-commons-runtime/3.0.8/istack-commons-runtime-3.0.8-sources.jar","javadocContainerUrl":"file:/Users/mario/.m2/repository/com/sun/istack/istack-commons-runtime/3.0.8/istack-commons-runtime-3.0.8-javadoc.jar","isSystem":false,"isOwn":false,"isTest":false,"isJavaContent":false},{"kind":"binary","path":"/Users/mario/.m2/repository/org/jvnet/staxex/stax-ex/1.8.1/stax-ex-1.8.1.jar","sourceContainerUrl":"file:/Users/mario/.m2/repository/org/jvnet/staxex/stax-ex/1.8.1/stax-ex-1.8.1-sources.jar","javadocContainerUrl":"file:/Users/mario/.m2/repository/org/jvnet/staxex/stax-ex/1.8.1/stax-ex-1.8.1-javadoc.jar","isSystem":false,"isOwn":false,"isTest":false,"isJavaContent":false},{"kind":"binary","path":"/Users/mario/.m2/repository/com/sun/xml/fastinfoset/FastInfoset/1.2.16/FastInfoset-1.2.16.jar","sourceContainerUrl":"file:/Users/mario/.m2/repository/com/sun/xml/fastinfoset/FastInfoset/1.2.16/FastInfoset-1.2.16-sources.jar","javadocContainerUrl":"file:/Users/mario/.m2/repository/com/sun/xml/fastinfoset/FastInfoset/1.2.16/FastInfoset-1.2.16-javadoc.jar","isSystem":false,"isOwn":false,"isTest":false,"isJavaContent":false},{"kind":"binary","path":"/Users/mario/.m2/repository/org/springframework/data/spring-data-jpa/2.2.0.RELEASE/spring-data-jpa-2.2.0.RELEASE.jar","sourceContainerUrl":"file:/Users/mario/.m2/repository/org/springframework/data/spring-data-jpa/2.2.0.RELEASE/spring-data-jpa-2.2.0.RELEASE-sources.jar","javadocContainerUrl":"file:/Users/mario/.m2/repository/org/springframework/data/spring-data-jpa/2.2.0.RELEASE/spring-data-jpa-2.2.0.RELEASE-javadoc.jar","isSystem":false,"isOwn":false,"isTest":false,"isJavaContent":false},{"kind":"binary","path":"/Users/mario/.m2/repository/org/springframework/data/spring-data-commons/2.2.0.RELEASE/spring-data-commons-2.2.0.RELEASE.jar","sourceContainerUrl":"file:/Users/mario/.m2/repository/org/springframework/data/spring-data-commons/2.2.0.RELEASE/spring-data-commons-2.2.0.RELEASE-sources.jar","javadocContainerUrl":"file:/Users/mario/.m2/repository/org/springframework/data/spring-data-commons/2.2.0.RELEASE/spring-data-commons-2.2.0.RELEASE-javadoc.jar","isSystem":false,"isOwn":false,"isTest":false,"isJavaContent":false},{"kind":"binary","path":"/Users/mario/.m2/repository/org/springframework/spring-orm/5.2.0.RELEASE/spring-orm-5.2.0.RELEASE.jar","sourceContainerUrl":"file:/Users/mario/.m2/repository/org/springframework/spring-orm/5.2.0.RELEASE/spring-orm-5.2.0.RELEASE-sources.jar","javadocContainerUrl":"file:/Users/mario/.m2/repository/org/springframework/spring-orm/5.2.0.RELEASE/spring-orm-5.2.0.RELEASE-javadoc.jar","isSystem":false,"isOwn":false,"isTest":false,"isJavaContent":false},{"kind":"binary","path":"/Users/mario/.m2/repository/org/springframework/spring-aspects/5.2.0.RELEASE/spring-aspects-5.2.0.RELEASE.jar","sourceContainerUrl":"file:/Users/mario/.m2/repository/org/springframework/spring-aspects/5.2.0.RELEASE/spring-aspects-5.2.0.RELEASE-sources.jar","javadocContainerUrl":"file:/Users/mario/.m2/repository/org/springframework/spring-aspects/5.2.0.RELEASE/spring-aspects-5.2.0.RELEASE-javadoc.jar","isSystem":false,"isOwn":false,"isTest":false,"isJavaContent":false},{"kind":"binary","path":"/Users/mario/.m2/repository/com/h2database/h2/1.4.199/h2-1.4.199.jar","sourceContainerUrl":"file:/Users/mario/.m2/repository/com/h2database/h2/1.4.199/h2-1.4.199-sources.jar","javadocContainerUrl":"file:/Users/mario/.m2/repository/com/h2database/h2/1.4.199/h2-1.4.199-javadoc.jar","isSystem":false,"isOwn":false,"isTest":false,"isJavaContent":false},{"kind":"source","path":"/Users/mario/Documents/PHD-projects/fatema/arq-fatema/src/main/java","outputFolder":"/Users/mario/Documents/PHD-projects/fatema/arq-fatema/target/classes","javadocContainerUrl":"file:/Users/mario/Documents/PHD-projects/fatema/arq-fatema/target/site/apidocs","isSystem":false,"isOwn":true,"isTest":false,"isJavaContent":true},{"kind":"source","path":"/Users/mario/Documents/PHD-projects/fatema/arq-fatema/src/test/java","outputFolder":"/Users/mario/Documents/PHD-projects/fatema/arq-fatema/target/test-classes","javadocContainerUrl":"file:/Users/mario/Documents/PHD-projects/fatema/arq-fatema/target/site/apidocs","isSystem":false,"isOwn":true,"isTest":true,"isJavaContent":true},{"kind":"source","path":"/Users/mario/Documents/PHD-projects/fatema/arq-fatema/src/main/resources","outputFolder":"/Users/mario/Documents/PHD-projects/fatema/arq-fatema/target/classes","isSystem":false,"isOwn":true,"isTest":false,"isJavaContent":false},{"kind":"source","path":"/Users/mario/Documents/PHD-projects/fatema/arq-fatema/src/test/resources","outputFolder":"/Users/mario/Documents/PHD-projects/fatema/arq-fatema/target/test-classes","isSystem":false,"isOwn":true,"isTest":true,"isJavaContent":false},{"kind":"source","path":"/Users/mario/Documents/PHD-projects/fatema/arq-fatema/src/test/java","outputFolder":"/Users/mario/Documents/PHD-projects/fatema/arq-fatema/target/test-classes","javadocContainerUrl":"file:/Users/mario/Documents/PHD-projects/fatema/arq-fatema/target/site/apidocs","isSystem":false,"isOwn":true,"isTest":false,"isJavaContent":false}]}